freq,indic_de,geo\TIME_PERIOD	2013 	2014 	2015 	2016 	2017 	2018 	2019 	2020 	2021 	2022 	2023 	2024 
A,CNMIGRATRT,AL01	: 	-15.9 	-10.8 	-9.3 	-12.6 	-10.7 	-14.4 	-9.3 	-18.0 	-17.6 	-178.3 	-19.8 
A,CNMIGRATRT,AL02	: 	5.9 	0.2 	8.8 	9.7 	2.1 	1.2 	-0.1 	-0.8 	-3.1 	-177.3 	-5.7 
A,CNMIGRATRT,AL03	: 	-15.3 	-12.6 	-12.7 	-17.4 	-9.8 	-14.6 	-10.4 	-20.9 	-18.4 	-69.8 	-14.0 
A,CNMIGRATRT,AT11	6.4 	6.8 	12.8 	6.3 	6.5 	6.3 	7.4 	10.2 	9.9 	17.4 	7.2 	5.2 
A,CNMIGRATRT,AT12	5.8 	8.1 	11.9 	8.2 	4.1 	5.7 	5.7 	6.3 	7.3 	14.4 	6.4 	5.4 
A,CNMIGRATRT,AT13	13.2 	15.3 	21.7 	12.2 	9.1 	2.9 	5.2 	4.4 	4.9 	25.2 	11.5 	10.1 
A,CNMIGRATRT,AT21	2.8 	5.0 	7.6 	3.0 	1.8 	2.7 	3.4 	5.4 	7.6 	12.0 	5.3 	4.5 
A,CNMIGRATRT,AT22	4.7 	6.4 	9.9 	5.2 	3.5 	3.5 	4.1 	3.4 	6.4 	12.5 	6.1 	4.1 
A,CNMIGRATRT,AT31	4.4 	7.0 	10.9 	5.9 	4.6 	4.7 	4.6 	3.7 	6.3 	12.0 	5.7 	3.9 
A,CNMIGRATRT,AT32	3.0 	5.9 	11.6 	4.2 	3.9 	3.0 	3.8 	3.1 	2.6 	9.9 	5.6 	3.0 
A,CNMIGRATRT,AT33	6.7 	7.4 	11.9 	7.1 	4.2 	2.7 	2.2 	2.3 	3.5 	8.8 	5.9 	2.0 
A,CNMIGRATRT,AT34	4.6 	5.4 	11.6 	8.3 	4.7 	3.4 	4.0 	3.2 	3.8 	10.8 	7.4 	3.7 
A,CNMIGRATRT,BE10	-1.2 b	1.5 b	6.9 	-9.3 	-2.0 	1.1 	0.1 	-1.6 	-3.7 	15.0 	4.6 	1.4 
A,CNMIGRATRT,BE21	2.4 b	3.3 b	4.9 	3.5 	4.3 	4.6 	5.3 	3.5 	4.6 	12.7 	7.9 	6.9 
A,CNMIGRATRT,BE22	1.5 b	2.2 b	5.5 	2.0 	3.0 	3.6 	5.4 	4.4 	7.0 	12.2 	7.2 	6.9 
A,CNMIGRATRT,BE23	4.4 b	4.1 b	6.3 	5.7 	5.0 	6.5 	6.8 	6.1 	7.1 	12.0 	7.9 	7.6 
A,CNMIGRATRT,BE24	3.6 b	4.0 b	6.4 	6.1 	6.1 	6.7 	7.8 	6.1 	8.3 	11.9 	7.7 	6.6 
A,CNMIGRATRT,BE25	2.9 b	3.4 b	4.4 	4.3 	5.1 	5.6 	6.1 	5.6 	6.8 	11.8 	8.0 	7.3 
A,CNMIGRATRT,BE31	4.5 b	5.9 b	7.8 	4.1 	3.9 	6.6 	5.6 	5.0 	5.2 	8.8 	3.7 	4.2 
A,CNMIGRATRT,BE32	2.7 b	2.6 b	3.5 	1.6 	2.1 	3.0 	4.1 	3.1 	5.0 	6.3 	4.2 	5.5 
A,CNMIGRATRT,BE33	1.9 b	2.2 b	4.4 	2.1 	2.2 	1.9 	3.4 	2.5 	3.0 	6.8 	5.0 	5.5 
A,CNMIGRATRT,BE34	-0.2 b	4.9 b	8.9 	3.9 	0.3 	5.2 	8.3 	7.6 	8.4 	10.5 	3.2 	3.8 
A,CNMIGRATRT,BE35	2.5 b	4.9 b	6.6 	4.1 	2.6 	3.9 	5.7 	4.2 	6.2 	7.4 	4.4 	4.4 
A,CNMIGRATRT,BG31	-8.5 	-8.7 	-8.9 	-9.0 	-9.1 	-9.4 	-9.6 	4.3 	0.6 	-0.2 	1.0 	-0.7 
A,CNMIGRATRT,BG32	-11.4 	-11.3 	-11.6 	-12.0 	-11.8 	-12.3 	-12.8 	2.7 	4.9 	2.1 	2.2 	1.8 
A,CNMIGRATRT,BG33	-10.6 	-10.5 	-10.6 	-10.9 	-10.8 	-11.5 	-12.0 	5.9 	8.2 	5.1 	9.8 	8.7 
A,CNMIGRATRT,BG34	-7.6 	-7.3 	-7.8 	-7.8 	-8.0 	-8.2 	-8.2 	4.2 	6.3 	3.6 	8.8 	7.2 
A,CNMIGRATRT,BG41	-1.4 	-1.4 	-1.3 	-1.3 	-1.3 	-1.3 	-1.6 	2.1 	7.0 	5.4 	5.3 	6.4 
A,CNMIGRATRT,BG42	-7.2 	-7.2 	-7.5 	-7.4 	-7.6 	-7.8 	-8.3 	7.9 	7.4 	5.9 	9.4 	8.7 
A,CNMIGRATRT,CH01	14.0 	12.1 	11.3 	8.5 	6.6 	4.4 	4.1 	7.3 	6.1 	7.5 	18.0 	10.6 
A,CNMIGRATRT,CH02	10.1 	8.5 	7.7 	7.9 	3.8 	3.1 	3.9 	4.7 	5.1 	6.1 	13.6 	9.2 
A,CNMIGRATRT,CH03	10.3 	9.5 	8.7 	9.6 	6.4 	5.9 	6.8 	8.1 	6.8 	8.2 	18.7 	10.0 
A,CNMIGRATRT,CH04	8.3 	10.1 	9.9 	10.3 	6.9 	7.1 	8.5 	6.2 	3.7 	7.6 	13.9 	7.1 
A,CNMIGRATRT,CH05	8.0 	6.7 	5.7 	5.5 	3.8 	3.7 	4.7 	7.0 	7.6 	10.4 	16.1 	9.9 
A,CNMIGRATRT,CH06	7.8 	7.4 	7.5 	7.7 	5.5 	5.5 	4.3 	6.2 	6.6 	8.5 	14.4 	9.1 
A,CNMIGRATRT,CH07	14.8 	11.0 	5.5 	7.4 	-0.6 	0.7 	-3.1 	3.0 	5.0 	8.3 	13.5 	6.4 
A,CNMIGRATRT,CY00	-8.2 	-3.5 	-0.5 	2.5 	6.3 	9.1 	10.0 	9.4 	13.2 	17.5 	14.4 	13.9 
A,CNMIGRATRT,CZ01	-4.3 	10.7 	4.8 	8.1 	8.5 	8.5 	9.8 	7.3 	12.1 b	61.7 	19.7 	9.2 
A,CNMIGRATRT,CZ02	7.1 	8.2 	7.6 	7.5 	8.7 	11.3 	10.5 	9.9 	11.5 b	37.8 	12.5 	8.9 
A,CNMIGRATRT,CZ03	1.4 	1.9 	2.3 	2.4 	3.0 	4.8 	6.3 	2.5 	5.4 b	35.9 	10.3 	2.8 
A,CNMIGRATRT,CZ04	-1.3 	-1.1 	-1.0 	-1.2 	0.0 	0.8 	1.5 	-1.0 	1.3 b	25.2 	4.3 	0.2 
A,CNMIGRATRT,CZ05	-0.5 	0.0 	0.4 	0.3 	1.5 	2.2 	3.0 	0.6 	2.5 b	27.7 	5.6 	1.4 
A,CNMIGRATRT,CZ06	-0.1 	0.4 	0.5 	0.9 	1.8 	2.1 	2.3 	2.7 	3.8 b	26.6 	8.8 	3.4 
A,CNMIGRATRT,CZ07	-1.1 	-0.9 	-0.5 	-1.2 	-0.6 	-0.3 	0.2 	-0.4 	0.7 b	16.4 	3.6 	0.6 
A,CNMIGRATRT,CZ08	-2.5 	-2.5 	-2.2 	-1.9 	-2.1 	-1.1 	-0.9 	-3.0 	-0.1 b	13.4 	3.0 	-1.3 
A,CNMIGRATRT,DE11	7.0 	8.9 	15.4 	6.5 	6.6 	3.8 	2.3 	-0.5 	-0.1 	-0.5 b	6.7 b	2.2 
A,CNMIGRATRT,DE12	7.6 	7.8 	16.2 	6.9 	6.9 	4.3 	3.1 	0.4 	3.0 	9.4 b	7.1 b	3.8 
A,CNMIGRATRT,DE13	6.9 	8.8 	16.0 	7.0 	7.1 	4.7 	3.5 	3.5 	4.5 	10.7 b	9.2 b	4.4 
A,CNMIGRATRT,DE14	5.2 	8.2 	16.1 	5.6 	6.0 	5.3 	3.8 	2.0 	4.6 	7.5 b	8.1 b	3.1 
A,CNMIGRATRT,DE21	11.3 	10.0 	14.2 	8.0 	2.1 	6.3 	4.0 	1.2 	1.1 	-4.8 b	5.1 b	8.8 
A,CNMIGRATRT,DE22	9.1 	9.3 	14.7 	7.7 	10.7 	8.8 	6.2 	4.6 	7.3 	-4.7 b	9.2 b	9.2 
A,CNMIGRATRT,DE23	5.7 	6.5 	11.3 	7.3 	7.3 	6.1 	3.8 	2.2 	6.1 	-5.3 b	10.7 b	7.5 
A,CNMIGRATRT,DE24	2.5 	3.6 	8.0 	6.6 	8.2 	4.7 	1.6 	1.6 	4.7 	-3.6 b	9.4 b	5.6 
A,CNMIGRATRT,DE25	7.1 	6.0 	15.4 	7.2 	6.6 	7.2 	3.9 	2.0 	2.6 	5.9 b	7.9 b	5.5 
A,CNMIGRATRT,DE26	3.1 	2.8 	8.2 	4.1 	5.2 	5.1 	2.1 	2.1 	4.7 	-4.0 b	7.3 b	6.4 
A,CNMIGRATRT,DE27	9.0 	9.3 	14.7 	6.6 	8.6 	8.1 	6.5 	4.2 	7.0 	-5.9 b	10.5 b	8.5 
A,CNMIGRATRT,DE30	13.1 	12.5 	13.3 	13.5 	9.1 	7.4 	5.4 	-1.8 	3.2 	-11.2 b	9.3 b	7.3 
A,CNMIGRATRT,DE40	4.5 	7.5 	15.6 	7.9 	8.3 	8.2 	9.0 	9.8 	9.9 	10.7 b	11.8 b	8.8 
A,CNMIGRATRT,DE50	7.3 	8.7 	16.4 	11.6 	4.7 	4.2 	-1.8 	0.2 	-3.6 	31.3 b	12.6 b	6.2 
A,CNMIGRATRT,DE60	6.4 	8.1 	12.6 	10.5 	9.1 	4.2 	1.4 	1.7 	-0.4 	-11.1 b	10.9 b	6.5 
A,CNMIGRATRT,DE71	8.9 	10.7 	15.4 	6.7 	6.5 	4.9 	5.2 	2.3 	0.5 	-4.5 b	7.8 b	5.7 
A,CNMIGRATRT,DE72	3.0 	8.2 	13.6 	5.3 	4.6 	3.8 	4.0 	3.1 	5.0 	-9.3 b	8.7 b	3.0 
A,CNMIGRATRT,DE73	3.0 	4.6 	14.6 	6.8 	4.2 	4.3 	3.2 	2.7 	4.4 	-10.1 b	8.1 b	4.6 
A,CNMIGRATRT,DE80	2.2 	5.5 	12.6 	3.3 	5.0 	4.6 	4.7 	7.7 	7.9 	-12.9 b	10.4 b	6.6 
A,CNMIGRATRT,DE91	5.0 	6.8 	15.7 	1.4 	3.8 	4.1 	2.7 	1.0 	4.4 	4.4 b	7.8 b	3.4 
A,CNMIGRATRT,DE92	5.6 	7.5 	14.9 	5.8 	5.0 	5.7 	2.3 	2.8 	4.5 	-10.3 b	8.1 b	5.1 
A,CNMIGRATRT,DE93	5.5 	7.5 	16.5 	5.1 	4.5 	5.9 	6.4 	6.9 	8.7 	-3.4 b	8.3 b	5.2 
A,CNMIGRATRT,DE94	4.3 	7.4 	16.4 	5.2 	5.4 	5.3 	4.7 	5.2 	6.1 	5.4 b	7.5 b	3.4 
A,CNMIGRATRT,DEA1	5.2 	6.5 	15.8 	5.3 	3.8 	3.2 	3.4 	1.7 	2.6 	9.3 b	7.6 b	5.3 
A,CNMIGRATRT,DEA2	5.7 	7.5 	15.0 	4.2 	4.1 	4.3 	3.3 	0.8 	0.9 	0.2 b	6.8 b	4.8 
A,CNMIGRATRT,DEA3	3.4 	4.5 	15.0 	3.4 	2.3 	2.6 	2.1 	2.0 	4.5 	6.8 b	8.6 b	4.8 
A,CNMIGRATRT,DEA4	1.9 	4.2 	15.7 	-0.7 	1.5 	2.2 	1.7 	1.0 	3.5 	9.5 b	4.9 b	3.2 
A,CNMIGRATRT,DEA5	2.1 	5.2 	14.9 	0.0 	2.2 	3.1 	2.6 	0.9 	2.1 	6.4 b	5.8 b	4.5 
A,CNMIGRATRT,DEB1	3.1 	5.8 	11.4 	5.8 	4.1 	5.4 	4.9 	5.4 	5.5 	17.7 b	8.4 b	6.8 
A,CNMIGRATRT,DEB2	4.6 	7.7 	23.4 	-5.6 	3.9 	5.5 	6.3 	5.3 	7.2 	-17.9 b	7.7 b	2.5 
A,CNMIGRATRT,DEB3	5.3 	7.7 	11.8 	7.8 	4.6 	5.3 	4.3 	2.5 	3.9 	1.0 b	8.0 b	4.9 
A,CNMIGRATRT,DEC0	2.4 	3.6 	12.6 	5.8 	2.5 	2.1 	1.9 	2.8 	4.4 	37.2 b	8.8 b	5.0 
A,CNMIGRATRT,DED2	3.0 	3.8 	9.9 	1.2 	2.5 	3.9 	3.2 	2.7 	3.0 	10.4 b	7.6 b	4.7 
A,CNMIGRATRT,DED4	-0.7 	2.4 	8.4 	-1.5 	0.6 	1.9 	0.8 	1.3 	3.0 	6.7 b	9.5 b	3.4 
A,CNMIGRATRT,DED5	10.8 	14.7 	19.3 	12.2 	12.2 	7.8 	7.9 	7.2 	8.4 	11.2 b	10.5 b	7.3 
A,CNMIGRATRT,DEE0	-0.1 	2.1 	11.1 	1.8 	0.8 	0.6 	1.0 	1.6 	4.5 	1.7 b	7.6 b	5.9 
A,CNMIGRATRT,DEF0	7.2 	8.4 	13.3 	11.0 	6.0 	6.1 	6.0 	6.2 	7.8 	11.6 b	10.6 b	7.9 
A,CNMIGRATRT,DEG0	0.3 	2.3 	11.5 	-1.3 	2.0 	2.0 	1.3 	0.5 	3.8 	13.5 b	6.7 b	1.9 
A,CNMIGRATRT,DK01	7.3 	7.3 	8.6 	6.2 	4.6 	3.4 	1.8 	1.4 	3.1 	10.4 	7.7 	7.5 
A,CNMIGRATRT,DK02	3.0 	6.8 	10.6 	7.9 	5.2 	4.4 	3.1 	4.3 	8.2 	10.9 	7.1 	5.7 
A,CNMIGRATRT,DK03	1.3 	3.1 	5.3 	4.4 	3.0 	2.7 	0.3 	1.1 	4.6 	9.4 	2.8 	3.5 
A,CNMIGRATRT,DK04	2.4 	2.3 	6.3 	5.9 	4.8 	3.4 	2.2 	2.1 	5.2 	11.6 	4.1 	5.0 
A,CNMIGRATRT,DK05	2.7 	3.3 	5.7 	3.4 	2.9 	1.7 	0.7 	1.4 	3.0 	7.2 	-0.6 	1.6 
A,CNMIGRATRT,EE00	-2.0 	-0.5 	3.0 	0.8 	4.0 	5.3 	4.0 	2.8 	5.3 	29.5 	10.1 	1.0 
A,CNMIGRATRT,EL30	-8.7 	-6.5 	-6.2 	1.9 	0.3 	0.7 	4.1 	3.8 	-3.7 	0.0 	0.1 	2.4 
A,CNMIGRATRT,EL41	-12.4 	-12.3 	-13.2 	21.5 	21.5 	27.6 	19.4 	-16.9 	-11.3 	4.4 	33.5 	43.6 
A,CNMIGRATRT,EL42	-6.1 	-6.1 	-6.0 	3.2 	0.3 	1.5 	2.2 	-6.5 	-6.3 	-3.5 	0.1 	2.5 
A,CNMIGRATRT,EL43	-1.2 	-1.2 	-1.3 	-1.4 	-0.3 	-0.3 	0.3 	-1.8 	-2.5 	-0.6 	0.6 	1.8 
A,CNMIGRATRT,EL51	-5.4 	-4.4 	-4.2 	-3.8 	-2.5 	-2.2 	-0.7 	-3.2 	0.8 	4.9 	11.3 	14.5 
A,CNMIGRATRT,EL52	-5.9 	-5.0 	-5.0 	-1.4 	-0.7 	0.3 	1.2 	-3.3 	-3.7 	0.8 	2.7 	4.8 
A,CNMIGRATRT,EL53	-7.0 	-5.8 	-5.9 	-5.3 	-4.5 	-4.4 	-4.1 	-4.4 	-6.5 	-6.5 	-4.9 	-3.6 
A,CNMIGRATRT,EL54	-6.2 	-5.3 	-5.0 	-3.1 	-0.1 	0.7 	2.2 	-3.2 	2.6 	5.9 	14.2 	17.9 
A,CNMIGRATRT,EL61	-5.0 	-4.3 	-4.1 	-2.7 	-2.4 	-2.1 	-1.2 	-2.8 	-2.1 	-0.2 	2.8 	4.6 
A,CNMIGRATRT,EL62	2.6 	2.7 	2.1 	2.1 	1.4 	1.3 	1.1 	0.1 	-3.8 	-4.8 	-3.6 	-2.3 
A,CNMIGRATRT,EL63	-3.4 	-2.6 	-2.9 	-2.3 	-2.0 	-1.8 	-1.3 	-1.9 	-2.9 	-0.9 	0.7 	2.1 
A,CNMIGRATRT,EL64	-5.5 	-5.7 	-5.7 	-3.1 	-2.4 	-1.8 	-0.9 	-6.9 	-4.4 	3.4 	9.4 	12.2 
A,CNMIGRATRT,EL65	-2.8 	-2.7 	-2.8 	-2.9 	-2.9 	-3.1 	-2.6 	-4.0 	-3.2 	1.0 	3.0 	4.5 
A,CNMIGRATRT,ES11	-1.5 	-1.0 	-0.5 	0.9 	2.8 	4.8 	6.6 	4.9 	4.7 	10.0 	9.3 	10.4 
A,CNMIGRATRT,ES12	-2.6 	-2.9 	-1.7 	0.0 	0.7 	1.8 	4.2 	3.8 	1.4 	10.2 	11.9 	13.9 
A,CNMIGRATRT,ES13	-2.6 	-1.7 	-1.8 	1.1 	3.4 	4.7 	6.0 	8.1 	6.0 	11.0 	9.4 	9.9 
A,CNMIGRATRT,ES21	-3.0 	0.6 	2.0 	3.9 	5.4 	7.2 	9.4 	4.6 	0.9 	9.5 	9.1 	10.8 
A,CNMIGRATRT,ES22	-4.3 	-0.7 	2.0 	4.7 	6.8 	10.6 	11.1 	5.7 	4.7 	13.8 	11.2 	10.3 
A,CNMIGRATRT,ES23	-9.8 	-3.9 	-0.2 	1.3 	3.9 	6.2 	11.0 	6.7 	4.4 	12.3 	9.7 	11.9 
A,CNMIGRATRT,ES24	-4.0 	-2.2 	-3.5 	-0.1 	1.3 	8.6 	10.5 	6.7 	1.0 	14.6 	11.5 	13.5 
A,CNMIGRATRT,ES30	-9.7 	-3.0 	2.8 	4.6 	8.8 	11.7 	14.0 	3.1 	2.2 	18.9 	19.6 	14.6 
A,CNMIGRATRT,ES41	-5.4 	-3.2 	-4.5 	-3.0 	-1.3 	1.2 	3.2 	3.7 	2.8 	10.9 	9.9 	10.7 
A,CNMIGRATRT,ES42	-9.4 	-5.9 	-5.6 	-3.2 	-1.8 	3.0 	7.5 	7.6 	5.7 	15.4 	12.3 	13.0 
A,CNMIGRATRT,ES43	-2.0 	-2.6 	-3.2 	-4.2 	-3.1 	-1.1 	0.6 	2.2 	0.2 	2.9 	4.7 	3.4 
A,CNMIGRATRT,ES51	-8.9 	-3.0 	1.9 	4.6 	7.7 	11.6 	12.9 	6.6 	3.1 	19.7 	15.6 	15.6 
A,CNMIGRATRT,ES52	-6.4 	-3.6 	-0.9 	0.9 	3.9 	7.6 	12.7 	6.8 	10.6 	23.7 	21.7 	21.7 
A,CNMIGRATRT,ES53	-1.3 	1.4 	3.7 	7.5 	9.5 	12.7 	14.7 	4.8 	2.5 	19.3 	17.8 	14.5 
A,CNMIGRATRT,ES61	-2.7 	-1.0 	-0.7 	-1.0 	-0.1 	2.1 	5.9 	4.3 	4.7 	10.4 	7.1 	6.7 
A,CNMIGRATRT,ES62	-3.8 	-2.4 	-1.1 	1.5 	-0.1 	6.2 	10.0 	5.2 	6.7 	14.2 	10.3 	11.2 
A,CNMIGRATRT,ES63	-5.7 	-8.2 	-7.0 	-1.2 	-1.9 	-7.9 	-10.5 	-7.4 	-12.7 	-1.4 	0.0 	2.7 
A,CNMIGRATRT,ES64	-7.3 	-2.8 	-6.4 	-5.9 	-7.9 	-6.2 	-6.5 	-5.4 	-22.0 	1.8 	2.6 	8.3 
A,CNMIGRATRT,ES70	-0.2 	0.5 	0.5 	5.1 	7.5 	10.9 	11.3 	2.8 	5.1 	15.4 	14.2 	11.5 
A,CNMIGRATRT,FI19	2.2 	1.8 	1.3 	1.9 	1.2 	1.6 	1.4 	2.6 	4.6 	6.2 	9.8 	8.3 
A,CNMIGRATRT,FI1B	7.5 	7.2 	6.8 	7.9 	7.8 	6.9 	9.1 	5.8 	4.6 	9.9 	14.4 	11.5 
A,CNMIGRATRT,FI1C	2.4 	1.3 	0.7 	1.7 	1.1 	0.2 	0.7 	3.1 	3.3 	4.3 	9.8 	8.0 
A,CNMIGRATRT,FI1D	0.1 	-0.3 	-0.9 	-0.5 	-2.2 	-1.9 	-1.9 	0.3 	3.4 	2.6 	6.0 	4.1 
A,CNMIGRATRT,FI20	5.1 	7.6 	2.7 	8.1 	7.9 	9.9 	3.2 	9.2 	6.1 	2.3 	6.3 	6.7 
A,CNMIGRATRT,FR10	: 	-4.8 	-5.8 	-3.8 	-5.1 	-4.1 	-7.2 	-2.6 	-1.7 	0.1 	-2.5 p	-2.5 p
A,CNMIGRATRT,FRB0	: 	-1.2 	-0.8 	-1.0 	-1.1 	0.4 	1.1 	0.7 	4.5 	3.6 	2.1 p	2.2 p
A,CNMIGRATRT,FRC1	: 	-0.5 	-0.6 	-1.3 	-0.2 	0.5 	0.9 	2.4 	4.7 	4.7 	3.2 p	3.2 p
A,CNMIGRATRT,FRC2	: 	-1.2 	-1.2 	-3.0 	-0.4 	0.2 	-1.1 	2.2 	2.0 	-0.9 	0.4 p	0.5 p
A,CNMIGRATRT,FRD1	: 	-0.2 	-0.8 	-0.9 	-0.2 	0.8 	3.0 	4.0 	5.9 	6.7 	4.8 p	4.8 p
A,CNMIGRATRT,FRD2	: 	-1.4 	-3.1 	-3.6 	-2.1 	-1.9 	-1.6 	0.1 	3.1 	1.1 	0.7 p	0.7 p
A,CNMIGRATRT,FRE1	: 	-4.3 	-4.5 	-3.8 	-2.7 	-2.0 	-3.2 	-0.4 	-0.1 	-1.7 	-1.6 p	-1.6 p
A,CNMIGRATRT,FRE2	: 	-2.4 	-2.5 	-2.6 	-2.1 	-1.3 	-2.9 	-2.5 	-0.6 	-1.9 	-2.4 p	-2.4 p
A,CNMIGRATRT,FRF1	: 	-0.5 	-0.2 	0.2 	2.4 	2.6 	2.9 	1.9 	1.8 	5.0 	2.0 p	2.0 p
A,CNMIGRATRT,FRF2	: 	-2.7 	-4.6 	-4.4 	-3.3 	-2.1 	-0.2 	-0.8 	-2.0 	-2.0 	-2.5 p	-2.4 p
A,CNMIGRATRT,FRF3	: 	-1.9 	-2.1 	-2.9 	-1.4 	0.7 	-0.1 	1.5 	1.0 	1.4 	0.5 p	0.5 p
A,CNMIGRATRT,FRG0	: 	4.1 	2.9 	3.4 	4.9 	5.3 	5.7 	5.1 	5.8 	7.2 	5.2 p	5.2 p
A,CNMIGRATRT,FRH0	: 	4.3 	3.9 	4.3 	5.7 	7.0 	6.8 	7.5 	9.8 	10.1 	8.3 p	8.3 p
A,CNMIGRATRT,FRI1	: 	7.5 	6.9 	6.4 	7.5 	8.7 	6.9 	9.8 	11.4 	10.5 	9.6 p	9.5 p
A,CNMIGRATRT,FRI2	: 	2.7 	1.4 	2.1 	-0.2 	1.4 	2.3 	4.8 	6.5 	7.5 	5.5 p	5.5 p
A,CNMIGRATRT,FRI3	: 	3.3 	3.6 	2.7 	4.4 	6.0 	5.4 	6.1 	7.9 	7.2 	6.4 p	6.4 p
A,CNMIGRATRT,FRJ1	: 	6.3 	6.8 	5.9 	7.2 	9.1 	7.6 	9.2 	11.8 	10.6 	9.6 p	9.5 p
A,CNMIGRATRT,FRJ2	: 	5.8 	3.7 	5.9 	6.7 	7.6 	6.8 	8.6 	9.6 	7.1 	7.5 p	7.5 p
A,CNMIGRATRT,FRK1	: 	2.2 	2.6 	2.6 	5.7 	3.5 	1.8 	3.4 	5.4 	3.1 	3.1 p	3.2 p
A,CNMIGRATRT,FRK2	: 	3.1 	1.3 	0.4 	2.5 	3.3 	2.1 	3.7 	4.2 	4.1 	3.2 p	3.2 p
A,CNMIGRATRT,FRL0	: 	2.3 	1.0 	0.2 	3.1 	4.4 	2.5 	5.8 	8.7 	9.8 	6.9 p	6.9 p
A,CNMIGRATRT,FRM0	: 	9.6 	10.4 	14.0 	11.5 	6.4 	10.6 	13.3 	13.1 	14.7 	12.3 p	12.3 p
A,CNMIGRATRT,FRY1	: 	-8.9 	-14.2 	-14.4 	-12.4 	-15.3 	-6.9 	-2.0 	-1.8 	-0.6 	-2.4 p	-2.4 p
A,CNMIGRATRT,FRY2	: 	-10.7 	-14.0 	-11.7 	-11.4 	-12.7 	-9.6 	-1.2 	3.6 	0.9 	0.2 p	0.2 p
A,CNMIGRATRT,FRY3	: 	6.7 	13.3 	-26.1 	1.2 	-5.5 	-12.8 	-19.3 	-17.4 	-3.1 	-14.6 p	-14.7 p
A,CNMIGRATRT,FRY4	: 	-2.1 	-8.5 	-9.7 	-7.9 	-3.6 	-7.2 	0.1 	2.8 	1.7 	0.6 p	0.6 p
A,CNMIGRATRT,FRY5	: 	7.7 	1.8 	1.5 	1.8 	4.3 	4.1 	4.0 	3.8 	3.7 	2.4 p	2.0 p
A,CNMIGRATRT,HR02	: 	: 	: 	: 	: 	: 	: 	-7.3 	-6.6 	-5.8 	-1.6 	-1.1 
A,CNMIGRATRT,HR03	-4.2 	-5.3 	-7.0 	-7.1 	-7.7 	-5.0 	-2.2 	-4.9 	-0.3 	7.6 	14.6 	14.0 
A,CNMIGRATRT,HR04	-2.0 	-3.5 	-5.4 	-7.2 	-10.4 	-5.2 	-2.7 	: 	: 	: 	: 	: 
A,CNMIGRATRT,HR05	: 	: 	: 	: 	: 	: 	: 	-4.5 	1.1 	5.2 	7.2 	9.0 
A,CNMIGRATRT,HR06	: 	: 	: 	: 	: 	: 	: 	-2.4 	2.2 	4.7 	9.2 	8.9 
A,CNMIGRATRT,HU11	4.9 	6.9 	1.5 	-2.9 	-0.1 	3.0 	0.3 	-10.9 	-5.3 	3.7 	12.8 	4.1 
A,CNMIGRATRT,HU12	2.6 	4.6 	8.0 	11.1 	12.9 	14.4 	14.9 	11.8 	15.3 	12.0 	5.2 	5.1 
A,CNMIGRATRT,HU21	-1.0 	-1.5 	2.3 	-0.7 	4.0 	7.3 	6.9 	4.6 	4.0 	5.8 	3.0 	-0.4 
A,CNMIGRATRT,HU22	1.1 	0.8 	1.7 	1.6 	4.8 	6.4 	7.4 	7.9 	6.6 	8.1 	3.0 	-1.8 
A,CNMIGRATRT,HU23	-3.4 	-4.5 	-3.5 	-2.6 	-2.7 	-2.8 	-0.3 	2.7 	1.5 	2.2 	-0.7 	-0.2 
A,CNMIGRATRT,HU31	-6.2 	-6.4 	-4.9 	-4.6 	-3.6 	-3.2 	-2.5 	0.3 	-0.9 	-1.3 	-5.0 	-4.9 
A,CNMIGRATRT,HU32	-3.7 	-2.4 	-1.9 	-3.1 	-3.8 	-4.1 	-3.7 	-1.3 	-2.3 	-1.7 	-1.5 	-1.7 
A,CNMIGRATRT,HU33	-2.8 	-2.4 	-1.4 	-4.3 	-1.4 	-0.7 	0.1 	-0.4 	1.6 	1.6 	-0.6 	0.1 
A,CNMIGRATRT,IE04	-7.3 	-6.0 	0.6 	9.1 	4.8 	9.2 	8.3 	5.1 	9.5 	26.1 	13.5 	11.3 
A,CNMIGRATRT,IE05	-2.7 	-4.3 	-1.2 	7.7 	5.9 	10.7 	8.4 	4.7 	11.5 	19.9 	15.3 	16.4 
A,CNMIGRATRT,IE06	-0.5 	6.0 	6.4 	8.5 	4.9 	12.2 	9.3 	7.4 	13.1 	15.3 	8.1 	11.5 
A,CNMIGRATRT,IS00	5.1 	3.4 	4.5 	12.2 	24.1 	18.6 	13.8 	6.7 	13.2 	25.7 	-15.4 	10.8 
A,CNMIGRATRT,ITC1	2.2 	-0.6 	0.4 	1.2 	0.5 	0.8 	1.8 	0.6 	2.6 	6.6 	6.9 	6.7 
A,CNMIGRATRT,ITC2	4.1 	-0.8 	-3.3 	0.6 	0.7 	0.1 	-0.5 	0.7 	0.2 	4.2 	3.3 	3.6 
A,CNMIGRATRT,ITC3	2.3 	-0.6 	0.4 	3.0 	1.8 	3.0 	2.9 	7.0 	3.1 	9.2 	9.8 	9.1 
A,CNMIGRATRT,ITC4	5.6 	2.9 	1.9 	2.5 	3.7 	4.8 	4.4 	2.0 	0.0 	7.8 	7.4 	6.0 
A,CNMIGRATRT,ITF1	0.7 	-0.2 	-1.1 	-0.7 	-1.5 	0.3 	-0.5 	-4.0 	2.3 	4.3 	4.1 	5.6 
A,CNMIGRATRT,ITF2	2.5 	-0.5 	1.1 	-0.4 	-0.3 	-3.2 	-5.1 	-13.1 	1.7 	3.7 	3.0 	3.2 
A,CNMIGRATRT,ITF3	-1.4 	-1.3 	-1.3 	-2.0 	-1.3 	-2.9 	-3.7 	-13.1 	3.1 	0.4 	0.1 	0.7 
A,CNMIGRATRT,ITF4	-2.6 	-2.7 	-2.9 	-3.3 	-3.2 	-3.9 	-2.7 	-0.5 	2.3 	0.8 	0.2 	1.1 
A,CNMIGRATRT,ITF5	0.2 	-1.3 	-1.8 	-2.3 	-1.7 	-3.3 	-4.5 	-9.0 	-0.8 	0.6 	-1.5 	-0.1 
A,CNMIGRATRT,ITF6	-1.1 	-1.9 	-2.4 	-2.5 	-3.0 	-4.0 	-6.4 	-14.1 	2.3 	0.3 	0.4 	2.3 
A,CNMIGRATRT,ITG1	-1.3 	-1.7 	-2.8 	-3.6 	-4.6 	-4.5 	-4.0 	-4.8 	4.4 	0.7 	1.0 	1.9 
A,CNMIGRATRT,ITG2	0.8 	0.1 	-0.4 	0.0 	0.5 	-1.2 	-1.5 	-6.9 	4.9 	2.3 	2.4 	2.2 
A,CNMIGRATRT,ITH1	4.9 	2.3 	2.5 	3.8 	4.5 	5.0 	2.9 	4.7 	-4.7 	3.4 	6.1 	4.0 
A,CNMIGRATRT,ITH2	5.8 	2.4 	2.9 	2.0 	4.2 	4.5 	4.7 	-1.4 	0.0 	6.4 	6.5 	5.3 
A,CNMIGRATRT,ITH3	1.8 	0.5 	-0.3 	0.6 	2.1 	3.6 	2.0 	3.2 	-0.3 	5.3 	4.8 	4.5 
A,CNMIGRATRT,ITH4	3.9 	1.0 	0.6 	1.8 	3.9 	4.9 	2.2 	3.5 	2.0 	6.9 	6.7 	5.4 
A,CNMIGRATRT,ITH5	6.0 	3.0 	3.8 	4.3 	5.4 	6.9 	5.4 	0.9 	2.7 	8.5 	8.3 	7.3 
A,CNMIGRATRT,ITI1	3.6 	1.9 	1.4 	2.8 	2.4 	2.1 	3.1 	7.0 	-1.3 	7.1 	6.0 	5.7 
A,CNMIGRATRT,ITI2	2.4 	-1.0 	0.1 	0.9 	0.2 	1.8 	1.3 	1.2 	-0.5 	5.0 	3.2 	5.0 
A,CNMIGRATRT,ITI3	1.3 	0.6 	-0.7 	-0.1 	1.1 	0.7 	0.1 	-2.6 	-0.4 	5.4 	5.0 	4.8 
A,CNMIGRATRT,ITI4	8.3 	4.5 	4.7 	3.8 	2.8 	2.4 	0.1 	-0.2 	2.0 	5.9 	4.2 	3.8 
A,CNMIGRATRT,LI00	5.4 	3.6 	4.9 	2.1 	5.7 	4.2 	7.2 	7.0 	3.8 	7.2 	6.2 	20.6 
A,CNMIGRATRT,LT01	-2.2 	-0.5 	-3.2 	-1.3 	0.5 	4.5 	9.4 	11.4 	13.6 	40.2 	25.1 	13.1 
A,CNMIGRATRT,LT02	-5.7 	-4.7 	-8.0 	-11.5 	-10.3 	-2.4 	1.8 	5.8 	4.3 	19.3 	11.7 	5.8 
A,CNMIGRATRT,LU00	19.0 	19.9 	19.6 	21.1 b	15.8 b	16.3 	16.6 	10.7 	13.2 	20.5 	14.0 	11.7 
A,CNMIGRATRT,LV00	-7.1 	-4.3 	-5.4 	-6.2 	-4.0 	-2.5 	-1.8 	-1.7 	-0.2 	18.2 	-1.7 	-2.3 
A,CNMIGRATRT,ME00	-1.5 	-1.5 	-1.5 	-1.5 	-1.5 	-1.5 	-1.5 	-1.5 	-1.5 	-1.5 	10.2 	-1.6 
A,CNMIGRATRT,MK00	-0.4 	-0.2 	-0.2 	0.0 	0.1 	0.1 	-0.1 	-0.4 	-113.5 	-1.5 	-0.1 	0.3 
A,CNMIGRATRT,MT00	13.9 	22.4 	22.4 	18.9 	31.5 	35.9 	42.1 	1.8 	7.4 	41.0 	37.9 	18.7 
A,CNMIGRATRT,NL11	1.9 	1.9 	-0.1 	0.1 	-0.1 	3.0 	4.0 	3.1 	7.0 	12.0 	11.0 	4.9 
A,CNMIGRATRT,NL12	-1.3 	-0.9 	-0.3 	1.7 	1.1 	1.6 	4.0 	3.2 	5.1 	10.4 	5.6 	5.7 
A,CNMIGRATRT,NL13	-0.6 	-0.2 	2.0 	8.2 	2.7 	2.9 	5.2 	5.1 	8.9 	12.6 	7.6 	8.7 
A,CNMIGRATRT,NL21	-1.8 	-1.3 	1.6 	1.6 	2.4 	3.7 	4.5 	3.9 	4.7 	10.9 	4.5 	6.2 
A,CNMIGRATRT,NL22	0.8 	2.0 	3.5 	5.5 	5.5 	5.6 	6.6 	5.6 	6.8 	11.9 	7.9 	6.6 
A,CNMIGRATRT,NL23	-2.5 	-2.2 	-0.5 	3.5 	3.8 	6.2 	9.7 	7.2 	10.0 	17.5 	9.1 	8.2 
A,CNMIGRATRT,NL31	2.5 	3.3 	4.1 	4.7 	4.8 	5.3 	5.8 	28.6 	3.1 	10.9 	: 	: 
A,CNMIGRATRT,NL32	3.6 	4.4 	5.9 	6.4 	5.4 	5.8 	7.0 	1.9 	5.7 	13.7 	7.6 	4.5 
A,CNMIGRATRT,NL33	0.8 	3.0 	3.7 	5.1 	6.1 	5.5 	7.2 	-5.9 	5.8 	12.5 	: 	: 
A,CNMIGRATRT,NL34	-0.4 	0.0 	2.2 	1.9 	3.2 	3.6 	2.5 	6.8 	6.5 	13.6 	4.0 	6.4 
A,CNMIGRATRT,NL35	: 	3.2 	4.0 	4.8 	4.8 	5.3 	5.9 	2.0 	3.1 	10.9 	7.1 	4.3 
A,CNMIGRATRT,NL36	: 	3.1 	3.7 	5.1 	6.1 	5.5 	7.1 	3.6 	5.8 	12.5 	8.3 	5.2 
A,CNMIGRATRT,NL41	2.1 	2.4 	3.4 	4.8 	5.9 	6.4 	6.9 	5.5 	7.4 	13.5 	8.0 	8.1 
A,CNMIGRATRT,NL42	0.1 	0.0 	1.2 	3.4 	2.4 	1.9 	3.9 	3.3 	6.2 	12.6 	8.3 	6.1 
A,CNMIGRATRT,NO01	9.7 	12.1 	9.5 	8.7 	6.7 	7.7 	10.5 	: 	: 	: 	: 	: 
A,CNMIGRATRT,NO02	5.3 	6.0 	2.6 	5.3 	5.0 	2.8 	3.2 	0.2 	4.2 	9.8 	10.2 	6.4 
A,CNMIGRATRT,NO03	8.2 	6.1 	7.1 	7.4 	6.1 	4.9 	6.0 	: 	: 	: 	: 	: 
A,CNMIGRATRT,NO04	8.2 	8.1 	2.3 	0.7 	1.0 	0.8 	4.1 	: 	: 	: 	: 	: 
A,CNMIGRATRT,NO05	7.1 	6.4 	3.3 	3.0 	0.3 	-0.5 	1.5 	: 	: 	: 	: 	: 
A,CNMIGRATRT,NO06	5.5 	6.3 	5.4 	7.2 	6.1 	4.6 	4.2 	2.7 	3.6 	8.1 	7.8 	6.3 
A,CNMIGRATRT,NO07	5.9 	3.9 	1.0 	4.1 	1.9 	0.1 	-4.2 	-4.2 	-1.9 	4.4 	8.7 	3.2 
A,CNMIGRATRT,NO08	9.8 	9.8 	9.3 	7.7 	6.7 	6.8 	9.4 	3.7 	6.0 	13.7 	10.5 	7.4 
A,CNMIGRATRT,NO09	6.7 	6.6 	6.6 	5.5 	6.2 	4.0 	4.3 	5.2 	6.4 	13.0 	11.2 	6.3 
A,CNMIGRATRT,NO0A	8.2 	6.6 	3.3 	0.6 	-0.9 	-0.6 	2.4 	0.9 	0.8 	8.3 	8.3 	5.2 
A,CNMIGRATRT,PL21	0.5 	1.1 	0.6 	1.2 	1.0 	1.7 	2.2 	-13.1 b	1.2 b	1.0 	1.2 	2.1 
A,CNMIGRATRT,PL22	-2.5 	-1.6 	-1.4 	-0.8 	-0.7 	-0.5 	-0.5 	-32.6 b	-1.2 b	-0.8 	-0.9 	-0.2 
A,CNMIGRATRT,PL41	-0.2 	0.1 	-0.1 	0.2 	0.3 	1.1 	0.9 	-5.8 b	1.2 b	0.6 	0.5 	1.3 
A,CNMIGRATRT,PL42	-0.9 	-1.3 	-1.4 	-0.8 	-0.5 	-0.1 	0.0 	-33.1 b	-0.9 b	-0.3 	-0.7 	0.8 
A,CNMIGRATRT,PL43	-1.7 	-1.3 	-1.5 	0.0 	-0.8 	0.7 	0.1 	-32.1 b	-1.8 b	-1.0 	-0.8 	0.9 
A,CNMIGRATRT,PL51	-0.3 	0.5 	0.5 	1.6 	1.0 	1.7 	1.9 	-6.8 b	1.6 b	1.8 	1.5 	2.5 
A,CNMIGRATRT,PL52	-4.1 	-2.2 	-2.3 	-0.5 	-0.1 	-0.7 	-1.7 	-29.3 b	-2.2 b	-1.2 	-1.7 	-0.3 
A,CNMIGRATRT,PL61	-1.7 	-1.2 	-1.2 	-0.4 	-0.2 	-0.8 	-0.8 	-37.0 b	-1.4 b	-1.3 	-1.4 	-0.7 
A,CNMIGRATRT,PL62	-3.0 	-2.5 	-2.2 	-2.4 	-1.7 	-1.9 	-2.4 	-52.6 b	-2.1 b	-1.7 	-2.0 	-1.8 
A,CNMIGRATRT,PL63	0.7 	1.0 	0.9 	1.8 	1.4 	2.6 	3.2 	-8.4 b	2.0 b	2.0 	2.2 	2.9 
A,CNMIGRATRT,PL71	-1.1 	-0.8 	-0.6 	-0.1 	-0.7 	-0.3 	-0.6 	-19.4 b	-1.3 b	-0.5 	-0.8 	0.2 
A,CNMIGRATRT,PL72	-2.1 	-1.8 	-1.8 	-0.8 	-1.7 	-1.5 	-2.6 	-47.6 b	-1.8 b	-1.7 	-2.5 	-2.4 
A,CNMIGRATRT,PL81	-2.7 	-2.7 	-2.2 	-1.5 	-2.3 	-2.2 	-2.5 	-48.1 b	-2.6 b	-2.0 	-2.3 	-2.1 
A,CNMIGRATRT,PL82	-1.6 	-0.4 	-0.4 	0.0 	-0.7 	-0.8 	-1.1 	-49.5 b	-1.1 b	-0.6 	-1.1 	-1.0 
A,CNMIGRATRT,PL84	-2.4 	-1.9 	-1.7 	-0.9 	-1.4 	-1.4 	-1.3 	-42.5 b	-1.4 b	-1.1 	-1.0 	-0.8 
A,CNMIGRATRT,PL91	: 	6.3 	5.4 	5.5 	5.9 	8.0 	8.1 	51.3 b	6.3 b	4.9 	5.2 	7.1 
A,CNMIGRATRT,PL92	: 	-2.1 	-2.1 	-1.3 	-1.7 	-2.4 	-2.5 	-31.0 b	-1.7 b	-1.5 	-1.8 	-1.9 
A,CNMIGRATRT,PT11	-4.3 	-4.3 	-1.9 	-0.9 	0.7 	1.9 	4.5 	-5.7 	5.8 	11.8 	12.2 	8.5 
A,CNMIGRATRT,PT15	-0.2 	2.1 	5.5 	5.9 	8.5 	9.7 	14.5 	-58.8 	3.9 	22.0 	14.1 	20.3 
A,CNMIGRATRT,PT16	-3.7 	-3.1 	-0.7 	-0.7 	0.4 	1.6 	7.2 	10.8 	13.2 	12.2 	: 	: 
A,CNMIGRATRT,PT17	-1.9 	1.2 	2.7 	2.1 	3.6 	3.3 	8.4 	1.0 	1.9 	14.2 	: 	: 
A,CNMIGRATRT,PT18	-4.3 	-4.0 	-1.8 	-2.3 	-1.5 	0.5 	5.4 	11.1 	15.2 	13.4 	: 	: 
A,CNMIGRATRT,PT19	: 	-3.3 	-0.9 	-1.1 	0.2 	1.3 	6.9 	8.6 	10.7 	9.8 	19.8 	18.9 
A,CNMIGRATRT,PT1A	: 	1.1 	2.5 	1.6 	3.2 	2.6 	7.6 	-4.3 	0.3 	14.6 	13.4 	13.6 
A,CNMIGRATRT,PT1B	: 	1.7 	3.1 	3.4 	4.7 	5.1 	10.3 	14.7 	6.0 	12.9 	14.2 	17.6 
A,CNMIGRATRT,PT1C	: 	-3.9 	-1.7 	-2.4 	-1.5 	0.4 	5.2 	8.3 	11.4 	9.8 	12.4 	8.9 
A,CNMIGRATRT,PT1D	: 	-2.9 	-0.6 	-0.4 	0.4 	1.9 	7.3 	17.1 	21.1 	19.5 	23.9 	19.8 
A,CNMIGRATRT,PT20	-4.0 	-8.5 	-6.5 	-5.8 	-4.7 	-4.6 	-2.4 	22.6 	6.3 	8.2 	5.1 	5.3 
A,CNMIGRATRT,PT30	-8.8 	-12.1 	-9.5 	-5.7 	-2.7 	0.5 	4.4 	16.1 	7.6 	10.7 	14.1 	13.9 
A,CNMIGRATRT,RO11	0.5 e	0.0 e	-1.4 e	-1.8 	-1.6 	-1.4 	-0.2 e	0.1 e	0.6 e	6.8 e	5.8 e	5.4 e
A,CNMIGRATRT,RO12	-0.6 e	-1.2 e	-1.9 e	-2.8 	-2.2 	-1.3 	0.3 e	-1.1 e	-6.8 e	7.0 e	6.0 e	5.2 e
A,CNMIGRATRT,RO21	0.0 e	0.3 e	-2.4 e	-3.9 	-4.0 	-5.2 	-2.8 e	-2.9 e	23.8 e	3.8 e	4.0 e	2.0 e
A,CNMIGRATRT,RO22	-1.9 e	-2.8 e	-5.0 e	-5.2 	-5.7 	-6.0 	-2.7 e	-3.7 e	13.8 e	3.1 e	2.9 e	1.2 e
A,CNMIGRATRT,RO31	-2.4 e	-2.6 e	-4.5 e	-4.0 	-7.3 	-6.3 	-3.8 e	-2.7 e	5.8 e	3.0 e	4.2 e	4.7 e
A,CNMIGRATRT,RO32	1.2 e	1.0 e	2.4 e	-0.2 	6.0 	5.4 	2.7 e	3.6 e	-21.4 e	11.0 e	9.0 e	6.5 e
A,CNMIGRATRT,RO41	-2.3 e	-3.0 e	-5.3 e	-5.2 	-6.5 	-6.6 	-2.9 e	-2.1 e	-2.1 e	2.9 e	3.0 e	3.0 e
A,CNMIGRATRT,RO42	0.2 e	0.1 e	-1.4 e	-2.3 	-1.1 	-0.6 	0.1 e	-1.3 e	-43.3 e	6.6 e	6.1 e	4.7 e
A,CNMIGRATRT,RS11	: 	: 	: 	: 	3.8 	4.1 	4.6 	2.9 	2.3 	2.7 	2.7 	1.7 
A,CNMIGRATRT,RS12	: 	: 	: 	: 	0.4 	0.2 	0.3 	0.5 	0.8 	-37.2 	0.8 	0.9 
A,CNMIGRATRT,RS21	: 	: 	: 	: 	-2.1 	-2.1 	-2.4 	-1.7 	-1.5 	-13.3 	-1.7 	-1.2 
A,CNMIGRATRT,RS22	: 	: 	: 	: 	-2.0 	-2.1 	-2.4 	-1.7 	-1.8 	-16.5 	-2.0 	-1.7 
A,CNMIGRATRT,SE11	10.1 	9.7 	9.0 	10.7 	11.4 	10.1 	8.4 	2.0 	4.0 	6.1 	2.1 	3.3 
A,CNMIGRATRT,SE12	8.1 	7.9 	8.6 	13.3 	12.3 	10.6 	8.8 	5.1 	6.9 	6.0 	2.6 	2.0 
A,CNMIGRATRT,SE21	4.1 	7.3 	9.0 	14.6 	10.1 	8.1 	5.1 	3.4 	5.0 	4.6 	-1.4 	1.3 
A,CNMIGRATRT,SE22	5.7 	8.6 	9.1 	13.1 	11.8 	9.5 	7.7 	5.5 	6.4 	6.8 	3.8 	3.4 
A,CNMIGRATRT,SE23	6.6 	8.0 	8.2 	11.7 	9.5 	9.2 	7.5 	3.8 	4.3 	6.6 	3.7 	2.4 
A,CNMIGRATRT,SE31	5.1 	6.3 	7.5 	12.2 	5.0 	3.9 	3.6 	2.1 	3.1 	2.7 	-0.6 	0.8 
A,CNMIGRATRT,SE32	3.3 	5.1 	5.6 	9.0 	5.4 	0.7 	2.1 	1.6 	3.0 	2.4 	-0.1 	2.4 
A,CNMIGRATRT,SE33	3.5 	3.8 	1.8 	6.3 	6.6 	2.3 	2.4 	2.6 	3.5 	4.5 	5.7 	7.3 
A,CNMIGRATRT,SI03	-1.9 	-1.1 	-0.4 	-0.1 	-0.2 	5.9 	6.6 	8.5 	2.1 	6.9 	6.3 	5.0 
A,CNMIGRATRT,SI04	2.7 	0.7 	1.0 	1.2 	1.5 	8.7 	9.1 	9.0 	0.1 	7.0 	4.5 	5.9 
A,CNMIGRATRT,SK01	6.9 	7.7 	9.8 	9.9 	10.3 	9.9 	11.9 	8.4 	66.5 	6.2 	5.8 	5.3 
A,CNMIGRATRT,SK02	0.4 	0.2 	0.2 	0.4 	0.2 	0.4 	-0.1 	0.4 	1.7 	0.5 	0.7 	0.8 
A,CNMIGRATRT,SK03	-0.8 	-1.0 	-1.2 	-1.0 	-1.0 	-1.1 	-1.6 	-0.7 	-13.9 	-1.5 	-1.5 	-0.9 
A,CNMIGRATRT,SK04	-1.0 	-1.3 	-1.1 	-1.1 	-1.2 	-1.2 	-1.2 	-0.7 	-24.5 	-1.5 	-1.4 	-1.2 
A,CNMIGRATRT,TR10	9.5 	2.4 	6.8 	-2.0 	3.8 	-8.0 b	20.1 b	-11.1 	18.1 	-1.8 	-21.5 	-2.4 
A,CNMIGRATRT,TR21	6.4 	16.6 	15.7 	16.6 	18.1 	13.3 b	11.0 b	6.9 	20.2 	16.0 	17.0 	9.8 
A,CNMIGRATRT,TR22	3.2 	18.3 	-2.6 	7.3 	9.4 	16.6 b	1.1 b	6.0 	16.9 	6.5 	15.9 	2.2 
A,CNMIGRATRT,TR31	6.2 	4.9 	5.9 	6.4 	6.8 	3.7 b	6.1 b	3.0 	5.0 	6.1 	2.1 	1.9 
A,CNMIGRATRT,TR32	7.8 	14.7 	6.9 	7.7 	7.3 	12.2 b	7.8 b	6.2 	12.4 	12.4 	8.6 	5.2 
A,CNMIGRATRT,TR33	-0.8 	-3.8 	-0.6 	3.7 	1.4 	6.0 b	1.6 b	1.6 	4.0 	3.7 	0.0 	-4.2 
A,CNMIGRATRT,TR41	9.6 	7.1 	10.2 	13.0 	5.8 	9.7 b	11.3 b	6.0 	11.6 	9.0 	2.8 	3.9 
A,CNMIGRATRT,TR42	11.0 	10.5 	16.3 	17.5 	12.9 	9.7 b	12.7 b	9.5 	14.4 	12.6 	8.6 	6.2 
A,CNMIGRATRT,TR51	5.8 	10.0 	12.9 	4.7 	9.0 	2.2 b	16.7 b	-1.1 	10.0 	1.4 	-0.6 	6.5 
A,CNMIGRATRT,TR52	0.7 	1.6 	-1.7 	3.0 	-2.3 	2.5 b	2.3 b	0.8 	6.2 	1.3 	4.2 	-2.5 
A,CNMIGRATRT,TR61	15.1 	12.5 	14.0 	6.9 	6.5 	16.5 b	21.5 b	3.3 	21.3 	16.1 	1.0 	2.9 
A,CNMIGRATRT,TR62	-0.5 	-3.3 	-3.3 	0.3 	-2.4 	-4.4 b	1.7 b	4.6 	0.4 	2.1 	-1.1 	1.1 
A,CNMIGRATRT,TR63	-3.4 	-4.1 	-6.7 	0.1 	-1.3 	4.9 b	-2.0 b	6.5 	-3.0 	-0.8 	-59.2 	4.3 
A,CNMIGRATRT,TR71	-3.9 	-11.0 	-4.5 	12.0 	0.7 	19.3 b	-4.1 b	-2.9 	0.9 	1.7 	16.8 	-7.7 
A,CNMIGRATRT,TR72	-5.6 	-4.5 	-9.6 	-0.2 	-2.5 	10.2 b	-4.8 b	-1.6 	1.2 	-2.3 	4.8 	-9.4 
A,CNMIGRATRT,TR81	-4.3 	-6.2 	-0.1 	5.2 	-0.4 	9.0 b	-5.7 b	-9.4 	7.8 	3.9 	10.6 	-8.5 
A,CNMIGRATRT,TR82	21.1 	-10.6 	-0.4 	9.9 	-1.5 	66.8 b	-32.8 b	-9.0 	9.6 	7.3 	38.2 	-16.9 
A,CNMIGRATRT,TR83	-8.1 	-5.6 	-4.4 	6.2 	2.4 	12.7 b	-1.4 b	-5.9 	5.2 	-4.1 	7.6 	1.3 
A,CNMIGRATRT,TR90	-3.1 	-0.8 	-3.2 	22.7 	-9.2 	27.5 b	-14.4 b	-7.0 	5.7 	-1.7 	14.8 	-10.0 
A,CNMIGRATRT,TRA1	-22.2 	-8.6 	-16.1 	1.2 	-17.1 	2.2 b	-14.0 b	-14.5 	-2.7 	-12.5 	-0.6 	-14.3 
A,CNMIGRATRT,TRA2	-28.7 	-26.9 	-26.5 	-27.1 	-25.8 	-9.2 b	-22.7 b	-15.1 	-26.1 	-33.2 	-1.2 	-30.5 
A,CNMIGRATRT,TRB1	-6.5 	-6.3 	-5.3 	-3.7 	-1.9 	10.8 b	-12.4 b	-4.4 	-3.2 	-1.7 	-32.3 	-3.7 
A,CNMIGRATRT,TRB2	-18.8 	-15.5 	-16.7 	-26.3 	-16.1 	-2.7 b	-17.0 b	-9.6 	-23.4 	-25.3 	-6.1 	-24.1 
A,CNMIGRATRT,TRC1	-0.3 	-3.5 	-1.8 	-0.5 	-3.5 	-3.8 b	-0.7 b	-0.4 	-2.6 	-3.9 	-11.8 	0.9 
A,CNMIGRATRT,TRC2	-10.1 	-6.9 	-8.1 	-7.5 	-6.7 	-3.0 b	-7.0 b	-3.3 	-12.2 	-10.4 	-4.0 	-8.6 
A,CNMIGRATRT,TRC3	-8.8 	-7.6 	-14.9 	-19.5 	-3.4 	5.3 b	-10.6 b	-3.2 	-8.9 	-7.2 	8.4 	-14.4 
A,CNMIGRATRT,UKC1	1.4 	1.4 	2.9 	3.2 	3.0 	3.4 	: 	: 	: 	: 	: 	: 
A,CNMIGRATRT,UKC2	2.9 	2.6 	3.6 	3.8 	3.1 	4.4 	: 	: 	: 	: 	: 	: 
A,CNMIGRATRT,UKD1	0.5 	1.3 	2.0 	1.6 	1.4 	2.2 	: 	: 	: 	: 	: 	: 
A,CNMIGRATRT,UKD3	0.4 	2.8 	4.9 	3.6 	2.7 	1.3 	: 	: 	: 	: 	: 	: 
A,CNMIGRATRT,UKD4	0.4 	1.5 	3.4 	3.6 	1.9 	3.4 	: 	: 	: 	: 	: 	: 
A,CNMIGRATRT,UKD6	2.9 	3.5 	4.0 	4.6 	3.5 	4.2 	: 	: 	: 	: 	: 	: 
A,CNMIGRATRT,UKD7	1.4 	3.2 	5.1 	4.4 	2.9 	3.3 	: 	: 	: 	: 	: 	: 
A,CNMIGRATRT,UKE1	0.5 	0.8 	2.0 	2.3 	2.4 	2.3 	: 	: 	: 	: 	: 	: 
A,CNMIGRATRT,UKE2	3.8 	3.3 	5.6 	5.7 	4.6 	5.6 	: 	: 	: 	: 	: 	: 
A,CNMIGRATRT,UKE3	2.7 	3.8 	5.0 	4.4 	3.9 	4.5 	: 	: 	: 	: 	: 	: 
A,CNMIGRATRT,UKE4	0.1 	1.2 	3.1 	2.1 	1.6 	1.6 	: 	: 	: 	: 	: 	: 
A,CNMIGRATRT,UKF1	4.0 	4.3 	5.7 	6.3 	4.6 	4.4 	: 	: 	: 	: 	: 	: 
A,CNMIGRATRT,UKF2	5.2 	7.3 	9.0 	9.3 	5.7 	5.7 	: 	: 	: 	: 	: 	: 
A,CNMIGRATRT,UKF3	9.0 	8.4 	9.3 	10.1 	7.6 	7.9 	: 	: 	: 	: 	: 	: 
A,CNMIGRATRT,UKG1	4.2 	4.8 	5.6 	7.7 	4.9 	6.6 	: 	: 	: 	: 	: 	: 
A,CNMIGRATRT,UKG2	3.2 	2.7 	4.9 	5.9 	3.6 	4.6 	: 	: 	: 	: 	: 	: 
A,CNMIGRATRT,UKG3	2.1 	3.9 	6.4 	5.5 	3.8 	2.5 	: 	: 	: 	: 	: 	: 
A,CNMIGRATRT,UKH1	5.6 	7.2 	6.4 	5.9 	5.7 	5.0 	: 	: 	: 	: 	: 	: 
A,CNMIGRATRT,UKH2	6.6 	7.0 	6.5 	2.5 	5.3 	2.5 	: 	: 	: 	: 	: 	: 
A,CNMIGRATRT,UKH3	7.1 	7.4 	6.8 	6.1 	6.6 	5.6 	: 	: 	: 	: 	: 	: 
A,CNMIGRATRT,UKI3	2.3 	7.2 	5.5 	0.3 	1.9 	7.4 	: 	: 	: 	: 	: 	: 
A,CNMIGRATRT,UKI4	7.4 	9.0 	7.2 	1.6 	4.6 	1.9 	: 	: 	: 	: 	: 	: 
A,CNMIGRATRT,UKI5	5.0 	6.0 	5.6 	1.2 	4.2 	0.6 	: 	: 	: 	: 	: 	: 
A,CNMIGRATRT,UKI6	3.8 	3.0 	1.8 	-1.5 	3.1 	0.2 	: 	: 	: 	: 	: 	: 
A,CNMIGRATRT,UKI7	0.8 	0.8 	0.2 	-2.8 	0.2 	-1.2 	: 	: 	: 	: 	: 	: 
A,CNMIGRATRT,UKJ1	3.7 	4.1 	3.9 	2.2 	2.8 	2.2 	: 	: 	: 	: 	: 	: 
A,CNMIGRATRT,UKJ2	7.5 	7.5 	7.9 	5.8 	7.1 	5.7 	: 	: 	: 	: 	: 	: 
A,CNMIGRATRT,UKJ3	4.1 	4.9 	5.8 	4.8 	4.5 	3.4 	: 	: 	: 	: 	: 	: 
A,CNMIGRATRT,UKJ4	7.2 	7.1 	7.6 	7.1 	6.5 	6.2 	: 	: 	: 	: 	: 	: 
A,CNMIGRATRT,UKK1	6.6 	7.1 	7.6 	6.2 	6.7 	6.6 	: 	: 	: 	: 	: 	: 
A,CNMIGRATRT,UKK2	6.8 	7.3 	8.9 	8.2 	7.6 	7.1 	: 	: 	: 	: 	: 	: 
A,CNMIGRATRT,UKK3	8.0 	8.6 	9.7 	11.7 	9.4 	9.9 	: 	: 	: 	: 	: 	: 
A,CNMIGRATRT,UKK4	7.6 	8.7 	8.6 	9.4 	8.0 	8.5 	: 	: 	: 	: 	: 	: 
A,CNMIGRATRT,UKL1	2.5 	2.4 	3.6 	4.1 	2.8 	4.3 	: 	: 	: 	: 	: 	: 
A,CNMIGRATRT,UKL2	2.1 	1.4 	2.9 	4.4 	2.5 	3.9 	: 	: 	: 	: 	: 	: 
A,CNMIGRATRT,UKM5	7.5 	5.7 	0.9 	-3.5 	5.7 	0.7 	: 	: 	: 	: 	: 	: 
A,CNMIGRATRT,UKM6	2.2 	2.2 	4.5 	2.8 	5.4 	3.7 	: 	: 	: 	: 	: 	: 
A,CNMIGRATRT,UKM7	: 	: 	: 	: 	6.4 	5.9 	: 	: 	: 	: 	: 	: 
A,CNMIGRATRT,UKM8	: 	: 	: 	: 	3.9 	4.5 	: 	: 	: 	: 	: 	: 
A,CNMIGRATRT,UKM9	: 	: 	: 	: 	3.2 	3.7 	: 	: 	: 	: 	: 	: 
A,CNMIGRATRT,UKN0	-0.5 	0.6 	1.1 	0.5 	1.2 	1.2 	: 	: 	: 	: 	: 	: 
A,GROWRT,AL01	-9.6 	-10.1 	-6.6 	-4.9 	-8.6 	-7.4 	-11.2 	-8.4 	-17.7 	-16.7 	-177.0 	-18.6 
A,GROWRT,AL02	12.6 	12.2 	5.1 	13.7 	14.2 	6.5 	5.2 	1.9 	0.2 	-0.5 	-174.1 	-2.4 
A,GROWRT,AL03	-11.8 	-12.7 	-11.4 	-11.6 	-17.3 	-10.7 	-15.5 	-13.6 	-26.5 	-22.2 	-72.4 	-17.8 
A,GROWRT,AT11	2.5 	3.3 	9.2 	3.2 	2.5 	2.6 	3.4 	5.3 	5.3 	12.2 	2.3 	-0.5 
A,GROWRT,AT12	4.2 	6.9 	10.3 	7.3 	2.9 	4.1 	4.0 	3.9 	4.7 	11.5 	3.1 	2.2 
A,GROWRT,AT13	14.5 	17.2 	23.6 	14.8 	11.3 	4.6 	7.2 	5.1 	5.5 	25.8 	11.9 	11.2 
A,GROWRT,AT21	0.7 	3.2 	5.1 	1.1 	-0.3 	0.1 	0.6 	1.4 	4.3 	7.9 	1.3 	0.6 
A,GROWRT,AT22	3.5 	5.2 	8.5 	4.3 	2.4 	2.3 	2.7 	0.5 	4.7 	9.8 	3.6 	1.5 
A,GROWRT,AT31	4.9 	8.3 	11.6 	7.6 	5.8 	5.8 	5.5 	3.6 	6.4 	11.7 	4.9 	3.4 
A,GROWRT,AT32	4.4 	8.0 	13.4 	6.3 	6.0 	4.8 	5.7 	4.1 	3.4 	10.2 	5.5 	2.4 
A,GROWRT,AT33	8.6 	9.4 	14.1 	9.4 	6.7 	4.7 	3.9 	3.3 	5.2 	9.4 	6.0 	2.2 
A,GROWRT,AT34	7.2 	8.8 	14.6 	11.9 	7.7 	6.5 	7.2 	5.3 	6.1 	11.7 	8.8 	4.4 
A,GROWRT,BE10	6.5 b	9.6 b	14.4 	-1.8 	5.3 	8.1 	6.6 	2.4 	1.9 	19.8 	8.9 	5.8 
A,GROWRT,BE21	4.5 b	5.7 b	6.5 	5.4 	5.8 	5.9 	6.8 	3.3 	6.0 	13.3 	8.8 	7.8 
A,GROWRT,BE22	3.1 b	4.1 b	6.5 	3.1 	3.5 	3.5 	5.4 	3.0 	6.4 	10.9 	6.3 	5.7 
A,GROWRT,BE23	5.1 b	5.4 b	6.8 	6.3 	5.2 	6.7 	6.7 	4.8 	7.5 	11.5 	7.4 	7.2 
A,GROWRT,BE24	5.0 b	5.6 b	7.2 	7.1 	7.0 	7.1 	8.5 	5.8 	9.2 	12.0 	8.1 	6.7 
A,GROWRT,BE25	1.7 b	2.6 b	2.9 	3.4 	3.2 	4.0 	4.5 	2.3 	4.7 	9.2 	5.7 	4.6 
A,GROWRT,BE31	5.9 b	7.0 b	8.6 	5.0 	4.4 	6.9 	6.2 	3.8 	5.6 	8.1 	3.1 	3.0 
A,GROWRT,BE32	2.2 b	2.5 b	2.6 	0.6 	1.3 	1.7 	3.1 	-0.3 	3.6 	4.7 	2.6 	3.8 
A,GROWRT,BE33	2.3 b	3.0 b	4.2 	2.3 	2.1 	1.5 	3.5 	-0.6 	2.5 	5.6 	4.1 	4.2 
A,GROWRT,BE34	1.9 b	7.3 b	10.6 	4.8 	1.4 	5.9 	10.1 	7.3 	9.1 	11.0 	3.5 	3.7 
A,GROWRT,BE35	2.8 b	5.4 b	6.5 	4.2 	2.1 	3.5 	5.1 	2.1 	5.8 	6.4 	3.4 	2.8 
A,GROWRT,BG31	-19.2 	-20.4 	-20.9 	-20.9 	-21.8 	-22.0 	-22.7 	-11.8 	-20.7 	-15.6 	-11.2 	-13.0 
A,GROWRT,BG32	-19.4 	-20.3 	-20.9 	-21.1 	-22.2 	-23.0 	-23.8 	-12.4 	-14.7 	-12.5 	-8.7 	-10.4 
A,GROWRT,BG33	-14.8 	-15.4 	-16.3 	-16.3 	-17.0 	-18.1 	-18.6 	-3.7 	-5.6 	-4.5 	2.7 	0.7 
A,GROWRT,BG34	-11.7 	-12.2 	-13.0 	-12.9 	-13.6 	-14.1 	-14.2 	-4.5 	-5.9 	-5.5 	2.9 	1.3 
A,GROWRT,BG41	-5.0 	-5.1 	-5.5 	-5.3 	-5.5 	-5.7 	-6.0 	-4.7 	-3.2 	-1.0 	1.3 	1.9 
A,GROWRT,BG42	-11.8 	-12.5 	-13.3 	-13.3 	-14.1 	-14.1 	-14.9 	-2.4 	-6.3 	-3.6 	2.8 	1.4 
A,GROWRT,CH01	17.4 	15.9 	14.7 	12.3 	10.1 	7.8 	7.4 	8.9 	9.5 	9.6 	20.0 	12.2 
A,GROWRT,CH02	10.9 	9.8 	8.7 	9.4 	5.0 	4.4 	5.0 	4.8 	6.2 	5.9 	13.5 	8.8 
A,GROWRT,CH03	11.9 	11.5 	10.3 	11.8 	8.5 	7.9 	8.6 	9.0 	8.6 	8.8 	19.2 	10.4 
A,GROWRT,CH04	12.0 	14.5 	13.8 	14.6 	10.9 	11.0 	12.0 	9.1 	7.2 	9.7 	16.0 	9.0 
A,GROWRT,CH05	9.8 	8.6 	7.8 	7.9 	5.7 	5.9 	6.3 	7.8 	8.9 	11.0 	16.7 	10.2 
A,GROWRT,CH06	10.7 	10.6 	10.3 	11.1 	8.5 	8.6 	7.2 	8.2 	9.0 	9.8 	16.0 	10.4 
A,GROWRT,CH07	14.2 	11.0 	4.5 	6.9 	-1.9 	-1.0 	-5.3 	-1.4 	3.4 	5.2 	10.4 	3.3 
A,GROWRT,CY00	-3.3 	0.9 	3.4 	7.1 	10.0 	13.1 	13.7 	13.3 	16.6 	20.6 	18.0 	17.0 
A,GROWRT,CZ01	-2.9 	12.7 	6.6 	10.3 	10.9 	10.8 	11.9 	8.1 	12.6 b	62.2 	20.0 	9.5 
A,GROWRT,CZ02	8.1 	9.9 	8.8 	9.1 	10.3 	12.2 	11.5 	9.2 	10.3 b	37.2 	11.4 	7.0 
A,GROWRT,CZ03	0.7 	1.9 	1.7 	2.4 	3.0 	4.7 	5.8 	0.5 	2.4 b	33.9 	8.1 	0.0 
A,GROWRT,CZ04	-2.7 	-1.9 	-2.3 	-2.3 	-1.2 	-1.0 	-0.1 	-4.8 	-4.1 b	21.8 	0.3 	-4.3 
A,GROWRT,CZ05	-1.0 	0.2 	0.3 	0.9 	1.5 	2.0 	2.8 	-1.2 	-1.0 b	25.5 	3.3 	-1.5 
A,GROWRT,CZ06	0.3 	1.5 	1.0 	1.9 	2.6 	2.8 	2.9 	1.4 	2.0 b	25.4 	7.3 	1.3 
A,GROWRT,CZ07	-2.2 	-1.4 	-1.3 	-1.5 	-1.1 	-0.7 	-0.7 	-3.2 	-2.7 b	14.1 	1.1 	-2.6 
A,GROWRT,CZ08	-3.9 	-3.4 	-3.6 	-2.8 	-3.3 	-2.1 	-2.3 	-6.4 	-4.6 b	9.9 	-0.4 	-5.6 
A,GROWRT,DE11	6.4 	8.9 	15.2 	7.0 	6.9 	4.0 	2.6 	-0.8 	0.0 	-2.0 b	5.3 b	0.7 
A,GROWRT,DE12	6.0 	6.8 	14.8 	6.3 	5.9 	3.3 	2.0 	-1.2 	1.7 	7.0 b	4.3 b	1.4 
A,GROWRT,DE13	5.6 	7.8 	14.9 	6.8 	6.6 	4.3 	3.0 	2.5 	3.6 	8.6 b	6.8 b	2.2 
A,GROWRT,DE14	4.7 	8.1 	15.5 	6.0 	6.4 	5.5 	4.0 	1.9 	4.6 	6.3 b	6.8 b	1.7 
A,GROWRT,DE21	12.1 	11.3 	15.1 	9.6 	3.5 	7.8 	5.3 	1.9 	2.0 	-5.1 b	4.5 b	8.1 
A,GROWRT,DE22	6.5 	7.0 	12.1 	6.0 	8.7 	6.9 	4.5 	2.3 	5.1 	-7.5 b	6.0 b	6.0 
A,GROWRT,DE23	3.0 	4.4 	8.8 	5.5 	5.5 	4.4 	2.6 	0.1 	4.0 	-8.1 b	7.5 b	4.7 
A,GROWRT,DE24	-2.2 	-0.4 	3.2 	2.9 	4.2 	0.6 	-2.0 	-3.1 	-0.1 	-9.5 b	3.7 b	0.0 
A,GROWRT,DE25	5.2 	4.6 	13.6 	6.5 	5.5 	6.1 	2.7 	0.3 	0.8 	3.0 b	4.9 b	2.7 
A,GROWRT,DE26	0.2 	0.7 	5.5 	2.4 	3.2 	2.9 	0.4 	-0.1 	2.3 	-7.6 b	3.5 b	2.8 
A,GROWRT,DE27	7.4 	8.4 	13.5 	6.5 	8.2 	7.6 	6.2 	3.4 	6.3 	-7.6 b	8.9 b	6.6 
A,GROWRT,DE30	13.7 	13.9 	14.4 	15.4 	10.8 	8.6 	6.7 	-1.5 	3.6 	-12.2 b	8.1 b	6.2 
A,GROWRT,DE40	-0.1 	3.5 	10.9 	3.9 	3.8 	3.1 	4.0 	3.6 	2.7 	2.9 b	3.6 b	0.9 
A,GROWRT,DE50	4.0 	6.8 	14.4 	10.8 	3.4 	2.9 	-2.6 	-1.6 	-5.4 	28.1 b	9.9 b	3.2 
A,GROWRT,DE60	6.9 	9.4 	13.9 	12.8 	11.1 	5.8 	3.3 	2.8 	0.8 	-11.5 b	10.3 b	5.9 
A,GROWRT,DE71	8.2 	10.8 	15.0 	7.3 	6.8 	5.2 	5.3 	1.7 	0.0 	-6.3 b	5.7 b	3.9 
A,GROWRT,DE72	-0.1 	5.7 	10.7 	3.4 	2.1 	1.4 	1.3 	0.1 	1.9 	-13.4 b	4.5 b	-1.1 
A,GROWRT,DE73	-1.7 	1.0 	10.5 	3.7 	1.0 	0.3 	-0.3 	-1.4 	-0.1 	-15.4 b	2.5 b	-1.0 
A,GROWRT,DE80	-2.4 	1.6 	8.2 	-1.0 	0.3 	-0.9 	-1.0 	1.6 	0.2 	-22.0 b	1.3 b	-2.8 
A,GROWRT,DE91	0.3 	3.1 	11.6 	-1.6 	0.1 	0.4 	-0.9 	-2.7 	0.5 	-1.1 b	1.9 b	-2.1 
A,GROWRT,DE92	2.0 	4.4 	11.3 	3.6 	1.9 	2.6 	-0.7 	-0.2 	1.0 	-15.4 b	3.0 b	0.1 
A,GROWRT,DE93	1.7 	4.5 	13.2 	2.3 	1.5 	2.6 	3.2 	3.5 	5.2 	-8.6 b	3.1 b	-0.1 
A,GROWRT,DE94	1.7 	5.9 	14.3 	4.0 	4.1 	3.5 	3.4 	3.4 	4.5 	2.1 b	4.0 b	-0.2 
A,GROWRT,DEA1	1.5 	3.8 	12.7 	3.3 	1.5 	0.7 	1.0 	-1.4 	-0.5 	4.8 b	3.1 b	1.0 
A,GROWRT,DEA2	4.0 	6.6 	13.8 	3.8 	3.3 	3.3 	2.2 	-0.7 	-0.6 	-2.6 b	3.7 b	1.8 
A,GROWRT,DEA3	0.7 	2.5 	12.9 	2.0 	0.7 	0.9 	0.4 	0.0 	2.5 	3.4 b	5.3 b	1.8 
A,GROWRT,DEA4	-0.5 	2.6 	13.9 	-1.8 	0.1 	0.5 	0.2 	-0.8 	1.6 	6.1 b	1.4 b	-0.1 
A,GROWRT,DEA5	-2.2 	1.7 	11.0 	-3.1 	-0.8 	-0.3 	-0.5 	-2.7 	-1.6 	1.4 b	0.9 b	-0.3 
A,GROWRT,DEB1	-1.3 	1.9 	7.5 	2.6 	0.6 	1.9 	1.6 	1.7 	1.6 	12.7 b	3.4 b	1.7 
A,GROWRT,DEB2	1.6 	5.2 	20.6 	-7.5 	1.6 	2.7 	4.0 	2.5 	4.4 	-22.4 b	3.4 b	-2.0 
A,GROWRT,DEB3	2.6 	5.8 	9.5 	6.6 	2.9 	3.4 	2.2 	0.3 	1.6 	-2.5 b	4.6 b	1.4 
A,GROWRT,DEC0	-3.6 	-1.7 	6.6 	1.1 	-2.5 	-3.7 	-3.7 	-2.9 	-1.7 	29.6 b	2.1 b	-1.9 
A,GROWRT,DED2	-0.2 	1.2 	6.3 	-1.6 	-1.0 	-0.2 	-1.0 	-4.2 	-4.2 	3.4 b	0.3 b	-2.8 
A,GROWRT,DED4	-7.6 	-3.8 	1.6 	-7.9 	-6.3 	-5.9 	-7.0 	-8.9 	-8.2 	-3.5 b	-0.9 b	-7.0 
A,GROWRT,DED5	8.0 	12.8 	17.2 	10.8 	10.0 	5.3 	5.5 	4.1 	4.1 	6.0 b	5.2 b	1.8 
A,GROWRT,DEE0	-6.6 	-4.0 	4.4 	-4.1 	-5.9 	-6.7 	-6.1 	-6.4 	-5.3 	-8.8 b	-2.6 b	-4.2 
A,GROWRT,DEF0	3.4 	5.3 	9.8 	8.1 	2.7 	2.4 	2.4 	2.4 	3.8 	5.9 b	4.7 b	2.1 
A,GROWRT,DEG0	-4.4 	-1.9 	6.4 	-5.8 	-3.2 	-3.8 	-4.6 	-6.2 	-5.4 	4.7 b	-1.9 b	-6.9 
A,GROWRT,DK01	10.0 	10.6 	11.8 	10.1 	8.4 	7.1 	5.7 	4.9 	6.9 	12.7 	10.1 	10.3 
A,GROWRT,DK02	0.4 	4.6 	8.5 	6.1 	3.0 	2.1 	0.7 	1.8 	5.6 	7.5 	3.6 	2.3 
A,GROWRT,DK03	0.9 	2.7 	5.0 	4.5 	2.9 	2.1 	-0.2 	0.4 	3.9 	7.3 	0.8 	1.7 
A,GROWRT,DK04	3.9 	4.1 	8.2 	8.4 	7.1 	5.4 	4.3 	4.3 	7.3 	12.6 	5.0 	5.9 
A,GROWRT,DK05	1.4 	2.7 	4.9 	3.1 	3.1 	1.0 	0.3 	0.9 	2.2 	4.9 	-2.5 	-0.6 
A,GROWRT,EE00	-3.3 	-1.9 	2.0 	-0.2 	2.7 	4.3 	3.1 	0.9 	1.3 	25.3 	6.4 	-3.4 
A,GROWRT,EL30	-9.4 	-7.4 	-7.8 	0.5 	-2.0 	-1.5 	1.4 	0.8 	-8.0 	-4.9 	-4.3 	-2.2 
A,GROWRT,EL41	-15.8 	-16.0 	-17.7 	18.1 	17.9 	25.1 	17.0 	-17.5 	-14.8 	-1.9 	29.6 	38.6 
A,GROWRT,EL42	-4.4 	-4.6 	-5.0 	5.1 	1.7 	3.3 	3.6 	-5.1 	-5.6 	-3.7 	-0.2 	2.0 
A,GROWRT,EL43	0.0 	-0.3 	-1.0 	-0.3 	-0.5 	0.1 	0.1 	-2.1 	-3.2 	-2.7 	-1.3 	-0.5 
A,GROWRT,EL51	-8.6 	-8.0 	-8.4 	-7.9 	-7.8 	-7.4 	-6.7 	-11.0 	-6.9 	-3.2 	4.1 	6.9 
A,GROWRT,EL52	-7.5 	-7.4 	-7.9 	-4.2 	-4.6 	-3.6 	-3.3 	-9.6 	-11.1 	-6.3 	-3.1 	-1.1 
A,GROWRT,EL53	-10.7 	-9.4 	-10.6 	-9.8 	-9.7 	-9.8 	-10.6 	-12.1 	-15.6 	-16.1 	-13.2 	-12.0 
A,GROWRT,EL54	-9.8 	-8.9 	-9.7 	-7.5 	-5.4 	-4.7 	-3.8 	-9.4 	-4.6 	-2.3 	6.9 	10.4 
A,GROWRT,EL61	-7.9 	-7.7 	-7.8 	-6.8 	-7.2 	-6.6 	-6.8 	-9.4 	-10.4 	-8.2 	-4.6 	-2.5 
A,GROWRT,EL62	0.1 	-0.2 	-2.2 	-1.5 	-3.2 	-2.5 	-3.5 	-4.4 	-8.6 	-11.3 	-9.3 	-8.0 
A,GROWRT,EL63	-5.9 	-5.3 	-6.3 	-5.4 	-5.9 	-5.7 	-5.9 	-6.5 	-9.1 	-7.9 	-5.0 	-3.9 
A,GROWRT,EL64	-8.8 	-9.7 	-10.6 	-7.4 	-7.8 	-7.2 	-7.7 	-12.9 	-12.4 	-5.3 	1.3 	4.4 
A,GROWRT,EL65	-6.9 	-7.0 	-8.4 	-7.6 	-9.0 	-8.8 	-9.2 	-10.5 	-11.0 	-8.1 	-5.3 	-3.6 
A,GROWRT,ES11	-5.4 	-4.8 	-5.0 	-3.7 	-2.2 	-1.1 	0.9 	-1.6 	-2.0 	2.4 	2.4 	3.3 
A,GROWRT,ES12	-8.3 	-8.8 	-8.5 	-6.6 	-6.3 	-5.5 	-3.3 	-5.8 	-7.1 	1.1 	3.5 	5.5 
A,GROWRT,ES13	-3.9 	-3.9 	-4.6 	-1.8 	0.2 	0.8 	1.8 	2.9 	1.3 	5.0 	4.2 	4.7 
A,GROWRT,ES21	-3.2 	0.2 	0.8 	2.5 	3.3 	4.6 	6.6 	0.3 	-3.1 	4.7 	5.1 	6.6 
A,GROWRT,ES22	-3.1 	0.3 	2.5 	4.9 	6.6 	9.9 	10.8 	3.2 	3.7 	11.4 	9.1 	8.1 
A,GROWRT,ES23	-9.7 	-4.1 	-1.4 	0.4 	2.4 	3.4 	8.6 	2.3 	0.5 	8.3 	5.9 	8.0 
A,GROWRT,ES24	-5.2 	-3.8 	-5.7 	-2.0 	-1.5 	5.5 	7.5 	1.0 	-2.8 	9.8 	7.7 	9.6 
A,GROWRT,ES30	-6.1 	0.5 	5.6 	7.4 	10.9 	13.4 	15.3 	0.9 	2.5 	18.9 	19.8 	14.8 
A,GROWRT,ES41	-9.3 	-7.2 	-9.3 	-7.9 	-6.8 	-4.7 	-2.7 	-5.7 	-4.0 	3.4 	3.3 	4.0 
A,GROWRT,ES42	-9.0 	-5.9 	-6.5 	-3.9 	-3.4 	1.2 	5.5 	2.2 	2.8 	12.5 	9.7 	10.4 
A,GROWRT,ES43	-3.9 	-4.1 	-5.6 	-6.5 	-5.9 	-4.5 	-2.8 	-3.1 	-4.6 	-2.4 	0.4 	-1.3 
A,GROWRT,ES51	-7.5 	-1.6 	2.7 	5.4 	7.8 	11.2 	12.5 	3.8 	1.5 	17.9 	13.9 	13.9 
A,GROWRT,ES52	-5.7 	-3.1 	-1.1 	0.8 	3.0 	6.2 	11.4 	4.2 	7.9 	20.9 	19.6 	19.7 
A,GROWRT,ES53	1.3 	4.0 	5.7 	9.9 	11.2 	14.5 	16.2 	5.6 	3.1 	19.1 	17.9 	14.6 
A,GROWRT,ES61	-0.8 	0.9 	0.4 	0.2 	0.3 	1.9 	5.8 	2.8 	3.1 	8.5 	5.5 	5.2 
A,GROWRT,ES62	0.3 	1.7 	2.2 	4.7 	2.3 	8.5 	11.8 	6.1 	7.5 	14.3 	10.8 	11.7 
A,GROWRT,ES63	0.9 	0.0 	0.0 	5.3 	3.8 	-2.8 	-6.9 	-5.1 	-12.2 	0.0 	1.5 	4.7 
A,GROWRT,ES64	5.2 	10.7 	5.3 	5.4 	1.9 	3.4 	2.1 	-1.2 	-17.7 	6.6 	5.7 	12.5 
A,GROWRT,ES70	0.9 	1.5 	1.0 	5.6 	7.7 	10.1 	10.6 	1.2 	3.1 	12.5 	11.6 	8.9 
A,GROWRT,FI19	2.9 	2.1 	1.3 	1.1 	-0.2 	-0.4 	-0.8 	0.1 	2.5 	1.8 	5.5 	5.0 
A,GROWRT,FI1B	11.8 	11.2 	10.5 	11.1 	10.5 	9.3 	11.1 	7.6 	7.1 	10.6 	15.2 	12.9 
A,GROWRT,FI1C	1.0 	-0.2 	-1.0 	-1.1 	-1.9 	-3.7 	-3.4 	-1.1 	-1.0 	-1.6 	3.6 	2.4 
A,GROWRT,FI1D	0.5 	-0.3 	-1.5 	-1.9 	-4.2 	-4.7 	-5.0 	-2.8 	0.0 	-2.6 	1.1 	-0.4 
A,GROWRT,FI20	5.8 	8.7 	2.3 	7.9 	9.4 	10.1 	3.2 	8.2 	7.1 	0.5 	6.0 	3.7 
A,GROWRT,FR10	: 	4.5 	2.9 	4.8 	3.2 	4.0 	0.8 	3.7 	5.2 	6.6 	3.6 p	3.3 p
A,GROWRT,FRB0	: 	0.4 	-0.3 	-0.6 	-1.3 	0.1 	0.7 	-0.6 	3.2 	2.1 	0.4 p	0.1 p
A,GROWRT,FRC1	: 	-0.8 	-2.0 	-3.1 	-2.5 	-1.8 	-1.7 	-1.5 	1.4 	0.7 	-0.7 p	-1.0 p
A,GROWRT,FRC2	: 	1.4 	0.6 	-1.6 	0.5 	0.6 	-0.9 	0.7 	1.2 	-2.1 	-1.1 p	-1.5 p
A,GROWRT,FRD1	: 	0.1 	-1.4 	-2.1 	-1.8 	-1.2 	0.8 	1.4 	3.0 	3.1 	1.5 p	1.1 p
A,GROWRT,FRD2	: 	1.8 	-0.6 	-1.3 	-0.2 	-0.4 	-0.4 	0.2 	3.6 	1.2 	0.5 p	0.2 p
A,GROWRT,FRE1	: 	0.4 	-0.8 	-0.5 	0.1 	0.2 	-0.9 	0.7 	1.1 	-0.9 	-0.9 p	-1.0 p
A,GROWRT,FRE2	: 	1.0 	0.2 	-0.5 	-0.2 	0.1 	-1.8 	-2.7 	-0.4 	-1.7 	-2.5 p	-2.7 p
A,GROWRT,FRF1	: 	3.4 	2.6 	2.9 	4.7 	4.5 	4.6 	2.0 	2.6 	5.1 	2.0 p	1.7 p
A,GROWRT,FRF2	: 	-0.8 	-3.7 	-3.8 	-3.6 	-2.4 	-0.5 	-2.3 	-3.2 	-3.4 	-4.2 p	-4.5 p
A,GROWRT,FRF3	: 	-0.4 	-1.6 	-2.5 	-1.5 	0.2 	-0.7 	-0.9 	-0.8 	-0.9 	-1.8 p	-2.1 p
A,GROWRT,FRG0	: 	7.5 	5.1 	5.3 	6.3 	6.6 	6.7 	5.7 	6.5 	7.2 	5.0 p	4.7 p
A,GROWRT,FRH0	: 	5.3 	3.8 	3.7 	5.0 	5.8 	5.6 	6.1 	8.3 	7.7 	5.9 p	5.6 p
A,GROWRT,FRI1	: 	8.1 	6.7 	6.3 	6.7 	7.9 	6.0 	8.7 	10.0 	8.5 	7.6 p	7.2 p
A,GROWRT,FRI2	: 	-0.1 	-2.7 	-2.0 	-4.4 	-3.1 	-2.4 	-0.2 	1.3 	2.0 	0.1 p	-0.5 p
A,GROWRT,FRI3	: 	2.9 	1.9 	0.9 	1.8 	3.1 	2.5 	2.7 	4.2 	2.8 	2.2 p	1.8 p
A,GROWRT,FRJ1	: 	7.6 	7.4 	6.1 	7.1 	8.6 	7.1 	8.0 	10.4 	8.7 	7.5 p	7.1 p
A,GROWRT,FRJ2	: 	7.5 	4.5 	6.5 	6.7 	7.6 	6.6 	8.0 	9.0 	5.8 	6.0 p	5.8 p
A,GROWRT,FRK1	: 	1.4 	0.8 	0.6 	3.2 	1.4 	-0.8 	-0.5 	2.2 	-0.8 	-0.9 p	-0.7 p
A,GROWRT,FRK2	: 	8.5 	5.8 	4.7 	6.3 	7.0 	5.5 	5.4 	6.9 	6.3 	5.0 p	4.8 p
A,GROWRT,FRL0	: 	4.9 	2.8 	1.8 	4.4 	5.6 	3.5 	5.7 	8.2 	9.4 	6.4 p	6.2 p
A,GROWRT,FRM0	: 	9.4 	9.6 	13.5 	10.7 	5.6 	9.5 	11.3 	10.5 	11.9 	9.4 p	9.5 p
A,GROWRT,FRY1	: 	-3.7 	-8.8 	-10.0 	-9.2 	-11.8 	-3.3 	1.0 	-1.8 	0.6 	-1.2 p	-2.5 p
A,GROWRT,FRY2	: 	-7.9 	-11.6 	-10.4 	-10.3 	-11.7 	-9.0 	-1.3 	0.7 	-1.1 	-1.1 p	-2.2 p
A,GROWRT,FRY3	: 	29.4 	35.9 	-2.4 	27.3 	19.9 	12.2 	5.2 	6.1 	19.3 	7.3 p	4.4 p
A,GROWRT,FRY4	: 	9.4 	2.6 	0.9 	2.7 	6.1 	2.2 	9.3 	11.6 	9.4 	8.9 p	7.3 p
A,GROWRT,FRY5	: 	37.2 	37.2 	37.3 	37.2 	37.6 	36.8 	32.9 	36.0 	35.8 	31.9 p	26.4 p
A,GROWRT,HR02	-12.6 	-15.3 	-19.9 	-22.7 	-29.9 	-21.9 	-19.3 	-15.7 	-16.2 	-14.4 	-8.5 	-8.6 
A,GROWRT,HR03	-6.2 	-7.6 	-10.7 	-10.4 	-12.0 	-8.7 	-5.9 	-9.7 	-6.7 	1.4 	9.5 	9.2 
A,GROWRT,HR04	-4.7 	-6.3 	-9.5 	-10.6 	-14.5 	-9.2 	-6.6 	: 	: 	: 	: 	: 
A,GROWRT,HR05	-1.7 	-1.4 	-3.8 	-2.7 	-5.4 	-2.7 	-2.3 	-7.2 	-2.7 	2.3 	4.5 	6.8 
A,GROWRT,HR06	-5.9 	-8.3 	-10.8 	-12.4 	-13.5 	-10.3 	-6.4 	-7.5 	-4.3 	-0.7 	4.7 	4.4 
A,GROWRT,HU11	2.0 	4.5 	-1.7 	-5.6 	-3.4 	-0.4 	-3.0 	-15.6 	-10.7 	-0.9 	9.1 	-0.6 
A,GROWRT,HU12	0.9 	3.3 	5.8 	9.7 	10.9 	12.7 	13.5 	9.8 	11.9 	9.7 	3.4 	2.2 
A,GROWRT,HU21	-4.9 	-4.9 	-2.1 	-4.2 	-0.3 	2.7 	2.5 	-0.9 	-2.9 	0.5 	-2.0 	-5.8 
A,GROWRT,HU22	-3.6 	-3.5 	-2.7 	-2.3 	0.5 	2.3 	3.6 	2.4 	0.3 	3.2 	-1.4 	-7.1 
A,GROWRT,HU23	-8.7 	-9.3 	-9.2 	-7.6 	-8.4 	-8.4 	-6.1 	-3.9 	-7.7 	-5.1 	-7.3 	-7.6 
A,GROWRT,HU31	-10.8 	-10.6 	-9.6 	-8.5 	-7.9 	-7.7 	-7.1 	-5.4 	-8.9 	-6.9 	-9.6 	-10.3 
A,GROWRT,HU32	-6.4 	-4.6 	-4.6 	-5.0 	-6.1 	-7.1 	-6.5 	-5.0 	-7.7 	-5.3 	-4.6 	-5.9 
A,GROWRT,HU33	-8.2 	-7.7 	-7.2 	-9.3 	-7.0 	-6.1 	-5.4 	-7.1 	-6.9 	-5.2 	-6.9 	-6.9 
A,GROWRT,IE04	-0.6 	0.1 	6.4 	14.7 	10.0 	14.1 	12.9 	8.9 	13.6 	28.7 	16.4 	14.0 
A,GROWRT,IE05	4.4 	2.6 	5.3 	13.2 	11.3 	15.8 	12.9 	8.7 	15.6 	22.6 	17.8 	18.7 
A,GROWRT,IE06	9.7 	15.8 	15.3 	17.0 	12.6 	19.4 	16.2 	12.9 	19.4 	20.2 	12.9 	15.7 
A,GROWRT,IS00	11.8 	10.5 	10.4 	17.4 	29.4 	24.2 	19.8 	12.7 	20.0 	30.1 	-10.9 	15.2 
A,GROWRT,ITC1	-1.1 	-3.9 	-4.4 	-3.2 	-4.7 	-4.9 	-4.0 	-8.4 	-4.4 	-1.2 	0.1 	0.1 
A,GROWRT,ITC2	2.3 	-2.1 	-7.4 	-2.8 	-3.7 	-4.4 	-4.9 	-7.6 	-5.9 	-1.9 	-2.1 	-2.8 
A,GROWRT,ITC3	-4.4 	-6.9 	-7.5 	-4.1 	-6.4 	-5.6 	-5.3 	-4.2 	-6.1 	-1.1 	1.0 	0.7 
A,GROWRT,ITC4	5.3 	2.5 	0.4 	1.2 	1.7 	2.4 	1.7 	-4.6 	-3.9 	3.4 	3.6 	2.2 
A,GROWRT,ITF1	-2.0 	-3.1 	-4.9 	-4.1 	-6.0 	-4.2 	-5.2 	-10.0 	-4.0 	-2.6 	-2.4 	-0.4 
A,GROWRT,ITF2	-1.6 	-4.8 	-4.4 	-5.3 	-6.0 	-9.1 	-10.8 	-20.9 	-7.3 	-5.2 	-4.9 	-4.9 
A,GROWRT,ITF3	-1.3 	-1.4 	-2.3 	-2.4 	-2.4 	-3.9 	-4.9 	-15.5 	0.0 	-2.6 	-2.8 	-2.1 
A,GROWRT,ITF4	-3.1 	-3.6 	-4.8 	-4.9 	-5.8 	-6.4 	-5.6 	-5.0 	-2.8 	-3.9 	-4.4 	-3.4 
A,GROWRT,ITF5	-3.0 	-4.5 	-5.9 	-6.1 	-6.1 	-7.8 	-9.6 	-14.8 	-7.3 	-6.7 	-8.1 	-6.1 
A,GROWRT,ITF6	-2.1 	-3.3 	-4.4 	-4.1 	-5.6 	-6.4 	-9.4 	-17.8 	-2.8 	-4.8 	-4.4 	-2.1 
A,GROWRT,ITG1	-2.3 	-2.7 	-4.8 	-5.3 	-7.2 	-6.8 	-6.8 	-8.6 	-0.1 	-4.0 	-3.5 	-2.1 
A,GROWRT,ITG2	-1.2 	-2.4 	-3.7 	-3.4 	-3.5 	-5.4 	-6.6 	-13.5 	-1.7 	-5.9 	-4.9 	-5.2 
A,GROWRT,ITH1	7.3 	5.0 	4.3 	6.1 	6.3 	6.7 	4.4 	4.2 	-4.3 	2.9 	6.3 	4.0 
A,GROWRT,ITH2	6.3 	2.6 	2.5 	1.4 	3.1 	3.2 	3.1 	-6.0 	-2.2 	3.8 	4.0 	2.6 
A,GROWRT,ITH3	0.9 	-0.6 	-2.5 	-1.5 	-0.5 	0.7 	-1.1 	-1.9 	-4.5 	0.4 	0.5 	0.3 
A,GROWRT,ITH4	0.0 	-2.7 	-4.5 	-2.8 	-1.4 	-0.6 	-3.5 	-3.9 	-5.7 	-0.3 	0.3 	-1.1 
A,GROWRT,ITH5	3.8 	0.5 	0.2 	1.0 	1.4 	3.0 	1.0 	-5.7 	-3.1 	2.8 	3.2 	2.3 
A,GROWRT,ITI1	0.2 	-1.4 	-3.4 	-1.4 	-2.5 	-2.9 	-2.4 	0.1 	-8.1 	-0.3 	-0.4 	-0.8 
A,GROWRT,ITI2	-0.7 	-4.3 	-4.7 	-3.5 	-5.1 	-3.1 	-4.1 	-5.4 	-7.7 	-2.8 	-3.9 	-1.9 
A,GROWRT,ITI3	-1.4 	-2.3 	-4.8 	-3.9 	-4.0 	-3.9 	-5.0 	-9.6 	-7.4 	-1.9 	-1.0 	-1.5 
A,GROWRT,ITI4	7.9 	3.7 	2.9 	2.2 	0.1 	-0.3 	-3.0 	-4.4 	-2.7 	1.0 	-1.0 	-1.0 
A,GROWRT,LI00	7.9 	6.4 	6.8 	5.0 	8.0 	6.9 	9.6 	7.9 	6.5 	9.3 	8.5 	21.5 
A,GROWRT,LT01	-3.8 	-1.4 	-3.9 	-1.7 	0.1 	3.7 	7.8 	8.0 	8.8 	36.9 	22.7 	9.7 
A,GROWRT,LT02	-11.0 	-9.4 	-13.2 	-16.9 	-16.1 	-8.4 	-4.2 	-2.8 	-6.0 	10.3 	4.5 	-1.8 
A,GROWRT,LU00	23.3 	23.9 	23.3 	24.7 b	19.0 b	19.6 	19.7 	13.7 	16.7 	23.6 	16.9 	14.7 
A,GROWRT,LV00	-11.1 	-7.7 	-8.7 	-9.6 	-8.1 	-7.5 	-6.4 	-7.6 	-9.3 	10.3 	-8.8 	-9.6 
A,GROWRT,ME00	1.0 	0.9 	0.2 	0.3 	0.0 	-0.3 	-0.5 	-1.8 	-4.9 	-1.6 	11.3 	-0.6 
A,GROWRT,MK00	1.5 	1.7 	1.0 	1.2 	0.8 	0.9 	-0.4 	-3.6 	-118.6 	-3.9 	-2.0 	-2.0 
A,GROWRT,MT00	15.8 	24.6 	24.4 	21.4 	33.1 	37.5 	43.4 	2.5 	7.8 	41.2 	38.7 	19.0 
A,GROWRT,NL11	1.8 	2.1 	-0.4 	-0.2 	-1.1 	1.8 	3.2 	1.8 	5.5 	10.0 	8.8 	2.5 
A,GROWRT,NL12	-0.8 	-0.1 	-0.3 	1.3 	0.6 	0.6 	3.5 	2.3 	4.0 	8.4 	3.6 	3.5 
A,GROWRT,NL13	-1.9 	-0.8 	0.1 	6.5 	0.6 	0.1 	3.1 	2.2 	6.0 	8.6 	4.1 	4.7 
A,GROWRT,NL21	0.3 	0.8 	3.2 	3.0 	3.3 	4.3 	5.2 	3.5 	4.6 	10.5 	4.0 	5.7 
A,GROWRT,NL22	1.9 	3.4 	4.3 	6.1 	5.9 	5.7 	6.7 	5.1 	6.6 	10.9 	7.2 	5.7 
A,GROWRT,NL23	3.6 	4.7 	5.7 	9.2 	9.4 	11.8 	15.4 	12.2 	15.2 	22.6 	13.7 	12.3 
A,GROWRT,NL31	6.7 	7.9 	7.9 	8.5 	8.5 	8.8 	9.4 	31.3 	6.4 	12.9 	: 	: 
A,GROWRT,NL32	6.2 	7.5 	8.3 	8.8 	7.7 	7.8 	9.1 	3.1 	7.4 	14.6 	8.1 	5.2 
A,GROWRT,NL33	3.7 	6.4 	6.2 	7.7 	8.4 	7.6 	9.4 	-4.9 	7.5 	13.5 	: 	: 
A,GROWRT,NL34	-1.2 	0.3 	1.4 	0.8 	1.9 	1.9 	1.2 	5.0 	3.5 	11.2 	1.3 	3.4 
A,GROWRT,NL35	: 	7.7 	7.8 	8.5 	8.5 	8.7 	9.4 	4.7 	6.4 	12.9 	8.9 	6.5 
A,GROWRT,NL36	: 	6.5 	6.2 	7.7 	8.4 	7.6 	9.4 	4.7 	7.5 	13.5 	9.3 	6.0 
A,GROWRT,NL41	3.3 	3.8 	4.0 	5.5 	6.3 	6.5 	7.1 	4.3 	7.3 	12.8 	7.0 	7.3 
A,GROWRT,NL42	-1.7 	-1.8 	-1.5 	1.2 	-0.3 	-1.0 	1.0 	-1.2 	2.2 	9.0 	4.3 	1.8 
A,GROWRT,NO01	16.4 	18.7 	15.2 	15.4 	12.8 	13.6 	16.4 	: 	: 	: 	: 	: 
A,GROWRT,NO02	3.1 	4.3 	0.8 	3.4 	3.0 	0.2 	0.9 	-2.1 	1.8 	6.4 	7.1 	3.3 
A,GROWRT,NO03	9.1 	7.5 	8.2 	8.3 	6.7 	5.4 	6.3 	: 	: 	: 	: 	: 
A,GROWRT,NO04	13.9 	13.7 	8.0 	6.0 	5.8 	4.6 	7.9 	: 	: 	: 	: 	: 
A,GROWRT,NO05	10.6 	10.0 	7.2 	6.5 	3.5 	2.3 	4.0 	: 	: 	: 	: 	: 
A,GROWRT,NO06	9.3 	9.9 	8.8 	10.7 	9.0 	7.1 	6.6 	5.2 	6.4 	9.1 	9.3 	8.0 
A,GROWRT,NO07	7.5 	5.4 	2.6 	5.5 	2.8 	0.9 	-3.9 	-4.2 	-1.2 	3.3 	8.7 	2.8 
A,GROWRT,NO08	14.7 	15.1 	14.2 	12.6 	11.2 	11.2 	13.7 	7.6 	10.0 	16.2 	13.5 	10.9 
A,GROWRT,NO09	8.3 	8.1 	8.0 	7.2 	7.0 	4.7 	5.1 	5.6 	7.1 	12.4 	11.0 	6.3 
A,GROWRT,NO0A	12.9 	11.4 	8.1 	5.1 	3.4 	3.1 	5.7 	3.9 	4.3 	10.0 	10.2 	7.6 
A,GROWRT,PL21	1.7 	2.6 	1.6 	2.9 	2.9 	3.3 	3.4 	-14.2 b	-1.1 b	-0.5 	-0.1 	0.2 
A,GROWRT,PL22	-3.9 	-2.7 	-3.3 	-2.2 	-2.1 	-2.6 	-3.0 	-37.6 b	-8.5 b	-6.7 	-6.6 	-6.4 
A,GROWRT,PL41	1.1 	1.8 	1.0 	1.9 	2.3 	2.2 	1.8 	-7.0 b	-1.6 b	-1.6 	-1.7 	-1.5 
A,GROWRT,PL42	-1.9 	-1.7 	-2.6 	-1.7 	-1.4 	-2.0 	-2.3 	-37.5 b	-7.4 b	-5.8 	-5.9 	-5.0 
A,GROWRT,PL43	-2.0 	-1.1 	-2.3 	-0.3 	-0.8 	-0.8 	-1.9 	-36.1 b	-7.9 b	-5.7 	-5.3 	-4.2 
A,GROWRT,PL51	-1.9 	-0.4 	-1.3 	0.6 	-0.3 	-0.1 	-0.1 	-11.0 b	-4.0 b	-2.9 	-3.0 	-2.6 
A,GROWRT,PL52	-6.2 	-3.5 	-4.6 	-1.9 	-2.0 	-2.9 	-4.0 	-34.5 b	-8.7 b	-6.8 	-6.7 	-6.3 
A,GROWRT,PL61	-2.0 	-1.2 	-1.9 	-0.7 	-0.4 	-2.1 	-2.2 	-40.7 b	-7.3 b	-5.9 	-6.0 	-5.8 
A,GROWRT,PL62	-3.3 	-1.9 	-2.7 	-2.9 	-1.6 	-2.8 	-3.9 	-56.0 b	-8.4 b	-6.5 	-6.7 	-6.7 
A,GROWRT,PL63	2.4 	3.0 	2.4 	3.8 	4.0 	4.4 	4.8 	-8.9 b	-0.1 b	0.1 	0.5 	0.3 
A,GROWRT,PL71	-4.6 	-3.6 	-4.2 	-3.1 	-3.7 	-3.8 	-4.3 	-25.6 b	-9.1 b	-7.0 	-6.8 	-6.3 
A,GROWRT,PL72	-4.9 	-4.1 	-4.9 	-3.5 	-4.5 	-4.7 	-6.1 	-54.1 b	-10.3 b	-8.5 	-8.8 	-9.4 
A,GROWRT,PL81	-4.1 	-3.8 	-3.7 	-2.7 	-3.5 	-3.9 	-4.3 	-52.6 b	-9.7 b	-7.0 	-7.2 	-7.2 
A,GROWRT,PL82	-0.7 	0.3 	-0.4 	0.6 	0.6 	0.1 	-0.8 	-51.8 b	-5.4 b	-3.2 	-3.6 	-4.3 
A,GROWRT,PL84	-3.7 	-2.6 	-3.0 	-1.7 	-1.8 	-2.4 	-2.3 	-46.2 b	-7.4 b	-5.1 	-4.5 	-5.0 
A,GROWRT,PL91	: 	7.8 	6.7 	7.5 	7.6 	9.2 	9.5 	50.7 b	4.3 b	3.9 	3.7 	5.3 
A,GROWRT,PL92	: 	-2.4 	-2.7 	-1.8 	-1.9 	-3.3 	-3.5 	-34.9 b	-7.5 b	-5.6 	-5.4 	-6.1 
A,GROWRT,PT11	-6.0 	-6.1 	-3.6 	-2.6 	-1.2 	-0.2 	2.3 	-9.4 	2.4 	8.4 	9.2 	5.2 
A,GROWRT,PT15	-2.5 	0.0 	3.8 	3.6 	6.2 	7.6 	13.0 	-61.2 	0.2 	18.2 	11.4 	17.7 
A,GROWRT,PT16	-8.8 	-8.0 	-5.7 	-5.9 	-5.0 	-4.0 	1.7 	4.4 	5.8 	5.4 	: 	: 
A,GROWRT,PT17	-1.6 	1.8 	3.1 	2.6 	4.3 	3.6 	8.8 	0.0 	-0.4 	13.1 	: 	: 
A,GROWRT,PT18	-10.8 	-10.5 	-8.6 	-9.5 	-8.3 	-6.6 	-1.8 	2.7 	6.0 	5.1 	: 	: 
A,GROWRT,PT19	: 	-8.2 	-6.0 	-6.3 	-5.2 	-4.2 	1.3 	2.0 	3.2 	2.8 	13.9 	12.8 
A,GROWRT,PT1A	: 	2.0 	3.5 	2.8 	4.5 	3.5 	8.7 	-4.9 	-1.5 	14.0 	13.7 	14.0 
A,GROWRT,PT1B	: 	1.2 	1.9 	2.3 	3.8 	3.9 	9.2 	12.4 	2.6 	10.8 	13.0 	16.5 
A,GROWRT,PT1C	: 	-11.2 	-9.6 	-10.1 	-9.0 	-7.4 	-2.8 	-1.0 	1.4 	0.5 	4.2 	0.4 
A,GROWRT,PT1D	: 	-7.7 	-5.4 	-5.8 	-5.1 	-3.7 	2.1 	10.9 	13.6 	13.2 	18.5 	14.8 
A,GROWRT,PT20	-4.4 	-8.5 	-6.7 	-6.4 	-4.8 	-4.8 	-3.0 	21.2 	4.9 	5.6 	3.7 	2.9 
A,GROWRT,PT30	-11.0 	-15.9 	-12.1 	-8.7 	-4.9 	-2.7 	1.3 	12.7 	3.1 	5.4 	10.0 	10.9 
A,GROWRT,RO11	-1.8 e	-1.8 e	-3.5 e	-3.2 	-3.0 	-3.3 	-1.8 e	-4.1 e	-5.3 e	3.3 e	3.1 e	1.7 e
A,GROWRT,RO12	-1.7 e	-2.2 e	-3.5 e	-3.9 	-3.2 	-3.1 	-1.5 e	-5.2 e	-12.9 e	3.4 e	3.1 e	1.5 e
A,GROWRT,RO21	-1.7 e	-1.2 e	-3.9 e	-5.3 	-5.2 	-7.5 	-4.5 e	-6.5 e	18.3 e	0.8 e	0.7 e	-2.7 e
A,GROWRT,RO22	-5.7 e	-6.7 e	-9.1 e	-9.2 	-9.9 	-11.2 	-8.0 e	-10.8 e	4.3 e	-3.5 e	-3.5 e	-6.0 e
A,GROWRT,RO31	-7.4 e	-7.7 e	-9.8 e	-9.3 	-12.7 	-12.1 	-9.8 e	-11.2 e	-4.9 e	-4.8 e	-2.7 e	-2.8 e
A,GROWRT,RO32	0.3 e	0.5 e	1.8 e	-0.4 	6.6 	5.6 	2.9 e	2.2 e	-25.5 e	9.4 e	6.8 e	3.5 e
A,GROWRT,RO41	-7.5 e	-8.7 e	-11.1 e	-10.3 	-11.8 	-11.8 	-8.6 e	-9.6 e	-11.9 e	-4.2 e	-3.3 e	-4.1 e
A,GROWRT,RO42	-3.7 e	-3.4 e	-5.3 e	-5.4 	-4.6 	-3.8 	-3.4 e	-7.3 e	-52.0 e	1.1 e	0.9 e	-1.2 e
A,GROWRT,RS11	: 	: 	: 	: 	1.6 	2.0 	2.5 	-2.0 	-4.9 	-0.9 	0.2 	-0.8 
A,GROWRT,RS12	: 	: 	: 	: 	-5.0 	-5.3 	-5.2 	-7.0 	-9.3 	-44.4 	-5.2 	-5.3 
A,GROWRT,RS21	: 	: 	: 	: 	-8.6 	-8.3 	-8.6 	-10.6 	-13.8 	-20.8 	-7.6 	-7.4 
A,GROWRT,RS22	: 	: 	: 	: 	-10.1 	-10.2 	-10.2 	-12.8 	-16.2 	-26.2 	-9.8 	-9.8 
A,GROWRT,SE11	16.8 	16.1 	15.1 	16.7 	17.1 	15.5 	14.0 	6.3 	9.6 	10.3 	6.0 	7.5 
A,GROWRT,SE12	9.7 	10.1 	10.6 	15.3 	14.1 	12.4 	10.8 	6.0 	8.3 	6.5 	2.3 	2.1 
A,GROWRT,SE21	4.4 	8.3 	9.7 	15.9 	10.8 	9.0 	6.4 	3.7 	5.9 	4.3 	-2.4 	0.5 
A,GROWRT,SE22	8.0 	11.3 	11.6 	15.7 	14.1 	11.8 	10.2 	7.1 	8.3 	7.5 	4.2 	3.9 
A,GROWRT,SE23	9.1 	10.7 	10.6 	14.5 	11.7 	11.6 	10.0 	5.5 	6.7 	7.8 	4.4 	3.4 
A,GROWRT,SE31	3.5 	5.4 	6.2 	11.5 	4.4 	3.5 	3.0 	0.4 	1.5 	0.3 	-3.7 	-2.3 
A,GROWRT,SE32	1.2 	3.3 	3.9 	8.0 	4.1 	-0.1 	1.1 	-1.2 	1.4 	-0.8 	-3.2 	-1.1 
A,GROWRT,SE33	3.3 	3.5 	1.5 	6.5 	6.4 	1.7 	2.3 	1.9 	2.8 	2.3 	3.3 	4.8 
A,GROWRT,SI03	-2.3 	-1.1 	-1.2 	-0.9 	-1.3 	4.3 	5.1 	4.6 	-1.1 	3.7 	3.4 	1.8 
A,GROWRT,SI04	4.9 	3.1 	2.7 	2.8 	2.5 	9.5 	9.5 	8.1 	-0.5 	5.7 	3.1 	4.8 
A,GROWRT,SK01	9.3 	10.9 	12.9 	13.5 	13.8 	13.4 	15.0 	11.0 	66.7 	6.4 	6.0 	4.9 
A,GROWRT,SK02	-0.8 	-1.0 	-1.5 	-0.8 	-1.3 	-1.2 	-1.3 	-2.4 	-3.8 	-3.1 	-2.5 	-3.0 
A,GROWRT,SK03	-1.0 	-1.1 	-1.7 	-0.9 	-1.1 	-1.2 	-1.8 	-1.9 	-17.9 	-3.5 	-3.3 	-3.3 
A,GROWRT,SK04	1.4 	1.2 	1.1 	1.9 	1.6 	1.5 	1.4 	0.9 	-25.6 	-0.2 	0.2 	0.6 
A,GROWRT,TR10	21.8 	15.2 	19.3 	10.0 	15.1 	2.6 b	29.5 b	-3.7 	24.2 	4.2 	-16.0 	2.9 
A,GROWRT,TR21	12.7 	22.7 	22.0 	22.8 	24.1 	19.0 b	15.9 b	10.5 	22.1 	18.1 	19.3 	11.8 
A,GROWRT,TR22	6.4 	21.2 	-0.5 	9.3 	11.2 	18.3 b	2.0 b	6.2 	14.5 	5.0 	14.8 	0.6 
A,GROWRT,TR31	13.8 	12.7 	13.4 	13.1 	13.2 	9.5 b	10.8 b	6.3 	7.1 	8.2 	3.9 	3.1 
A,GROWRT,TR32	15.1 	22.2 	13.8 	14.1 	13.5 	17.8 b	12.3 b	9.4 	14.3 	14.4 	10.6 	6.6 
A,GROWRT,TR33	6.5 	3.4 	6.2 	9.9 	7.2 	11.3 b	6.2 b	4.4 	6.0 	6.1 	2.4 	-2.5 
A,GROWRT,TR41	18.2 	15.9 	18.7 	21.1 	13.7 	17.3 b	17.9 b	11.1 	15.4 	12.9 	6.5 	7.0 
A,GROWRT,TR42	21.2 	21.1 	26.7 	27.8 	22.8 	19.1 b	21.2 b	16.1 	19.6 	18.1 	14.0 	11.0 
A,GROWRT,TR51	15.9 	20.6 	23.1 	14.3 	18.3 	10.8 b	24.2 b	4.3 	14.7 	6.1 	3.7 	10.4 
A,GROWRT,TR52	12.8 	13.7 	10.0 	14.3 	8.2 	12.6 b	11.4 b	7.7 	12.3 	8.4 	10.5 	3.3 
A,GROWRT,TR61	24.9 	22.7 	24.0 	16.3 	15.0 	24.1 b	28.2 b	8.7 	25.3 	20.1 	4.8 	6.1 
A,GROWRT,TR62	12.1 	9.8 	9.1 	11.9 	8.7 	6.0 b	10.8 b	12.0 	6.5 	8.6 	4.3 	6.2 
A,GROWRT,TR63	12.7 	12.2 	8.7 	14.8 	12.6 	18.0 b	9.9 b	16.2 	5.6 	8.2 	-61.4 	11.9 
A,GROWRT,TR71	5.8 	-1.2 	4.6 	20.7 	8.9 	27.1 b	2.8 b	2.2 	4.9 	6.4 	20.9 	-4.1 
A,GROWRT,TR72	5.0 	6.2 	0.4 	9.3 	6.4 	18.3 b	2.6 b	3.6 	5.1 	2.4 	8.7 	-5.6 
A,GROWRT,TR81	0.8 	-1.4 	4.0 	8.4 	2.6 	11.3 b	-3.8 b	-8.6 	6.6 	3.1 	9.6 	-9.5 
A,GROWRT,TR82	23.9 	-8.7 	1.0 	11.3 	-0.6 	67.6 b	-32.3 b	-10.4 	6.7 	5.3 	36.5 	-18.7 
A,GROWRT,TR83	-1.2 	0.9 	1.5 	11.5 	7.4 	17.5 b	2.7 b	-3.7 	5.6 	-2.9 	8.8 	2.2 
A,GROWRT,TR90	3.3 	5.2 	2.3 	27.9 	-4.6 	32.0 b	-10.7 b	-4.7 	5.8 	-1.1 	15.9 	-9.4 
A,GROWRT,TRA1	-8.9 	4.9 	-3.5 	13.5 	-5.4 	12.7 b	-4.2 b	-6.5 	4.3 	-5.6 	5.8 	-8.9 
A,GROWRT,TRA2	-7.8 	-5.7 	-6.3 	-7.5 	-6.6 	8.1 b	-5.8 b	-0.5 	-12.6 	-20.4 	9.8 	-20.2 
A,GROWRT,TRB1	4.7 	5.4 	5.7 	6.7 	8.3 	20.6 b	-3.6 b	2.0 	2.4 	4.2 	-28.0 	1.3 
A,GROWRT,TRB2	5.0 	8.7 	6.3 	-4.1 	6.1 	18.1 b	3.2 b	7.9 	-7.0 	-9.0 	8.1 	-10.4 
A,GROWRT,TRC1	20.1 	17.7 	18.6 	18.7 	15.1 	13.9 b	15.2 b	13.3 	11.1 	9.8 	-4.4 	12.5 
A,GROWRT,TRC2	16.3 	20.7 	18.7 	18.8 	19.7 	22.1 b	16.3 b	17.8 	9.1 	10.3 	14.3 	9.7 
A,GROWRT,TRC3	15.1 	17.4 	9.2 	2.7 	19.5 	27.3 b	10.1 b	15.7 	10.1 	11.0 	24.9 	1.4 
A,GROWRT,UKC1	2.7 	2.5 	3.4 	3.6 	3.0 	3.0 	: 	: 	: 	: 	: 	: 
A,GROWRT,UKC2	3.5 	2.8 	3.4 	4.0 	2.7 	3.6 	: 	: 	: 	: 	: 	: 
A,GROWRT,UKD1	-0.8 	0.2 	0.4 	-0.2 	-0.9 	-0.3 	: 	: 	: 	: 	: 	: 
A,GROWRT,UKD3	5.3 	7.4 	9.2 	8.1 	6.6 	4.9 	: 	: 	: 	: 	: 	: 
A,GROWRT,UKD4	1.9 	3.0 	4.4 	4.6 	2.2 	3.3 	: 	: 	: 	: 	: 	: 
A,GROWRT,UKD6	3.9 	4.5 	4.6 	4.9 	3.8 	3.8 	: 	: 	: 	: 	: 	: 
A,GROWRT,UKD7	2.6 	4.6 	6.0 	5.3 	4.0 	3.7 	: 	: 	: 	: 	: 	: 
A,GROWRT,UKE1	1.5 	1.8 	2.4 	2.6 	2.0 	1.7 	: 	: 	: 	: 	: 	: 
A,GROWRT,UKE2	3.3 	3.1 	4.9 	5.0 	3.3 	3.9 	: 	: 	: 	: 	: 	: 
A,GROWRT,UKE3	5.1 	6.2 	7.0 	6.5 	5.6 	5.5 	: 	: 	: 	: 	: 	: 
A,GROWRT,UKE4	4.8 	6.0 	7.3 	6.4 	5.4 	4.8 	: 	: 	: 	: 	: 	: 
A,GROWRT,UKF1	6.0 	6.3 	7.0 	7.8 	5.6 	4.8 	: 	: 	: 	: 	: 	: 
A,GROWRT,UKF2	8.9 	11.1 	12.5 	12.9 	8.7 	8.2 	: 	: 	: 	: 	: 	: 
A,GROWRT,UKF3	8.8 	8.8 	8.7 	9.3 	6.2 	5.6 	: 	: 	: 	: 	: 	: 
A,GROWRT,UKG1	5.1 	5.4 	6.0 	8.0 	4.7 	6.0 	: 	: 	: 	: 	: 	: 
A,GROWRT,UKG2	4.2 	4.1 	5.3 	6.7 	3.8 	4.4 	: 	: 	: 	: 	: 	: 
A,GROWRT,UKG3	7.9 	9.4 	11.4 	10.9 	8.6 	6.7 	: 	: 	: 	: 	: 	: 
A,GROWRT,UKH1	7.3 	9.0 	7.8 	7.0 	6.3 	5.0 	: 	: 	: 	: 	: 	: 
A,GROWRT,UKH2	12.0 	12.3 	11.5 	7.6 	9.8 	6.5 	: 	: 	: 	: 	: 	: 
A,GROWRT,UKH3	9.5 	10.0 	8.8 	8.2 	8.4 	7.0 	: 	: 	: 	: 	: 	: 
A,GROWRT,UKI3	11.0 	15.6 	13.3 	8.2 	9.0 	14.3 	: 	: 	: 	: 	: 	: 
A,GROWRT,UKI4	19.4 	20.4 	18.4 	12.6 	15.0 	11.6 	: 	: 	: 	: 	: 	: 
A,GROWRT,UKI5	13.9 	14.8 	14.4 	10.3 	12.8 	8.6 	: 	: 	: 	: 	: 	: 
A,GROWRT,UKI6	11.0 	10.2 	9.2 	5.9 	10.1 	6.0 	: 	: 	: 	: 	: 	: 
A,GROWRT,UKI7	10.3 	10.1 	9.1 	6.2 	8.9 	6.3 	: 	: 	: 	: 	: 	: 
A,GROWRT,UKJ1	9.1 	9.4 	9.1 	7.1 	7.1 	6.2 	: 	: 	: 	: 	: 	: 
A,GROWRT,UKJ2	8.8 	8.9 	8.6 	6.7 	7.4 	5.9 	: 	: 	: 	: 	: 	: 
A,GROWRT,UKJ3	6.2 	7.3 	7.7 	6.5 	5.6 	4.0 	: 	: 	: 	: 	: 	: 
A,GROWRT,UKJ4	9.7 	9.7 	9.7 	9.3 	8.6 	7.7 	: 	: 	: 	: 	: 	: 
A,GROWRT,UKK1	9.3 	10.2 	10.0 	8.5 	8.5 	8.2 	: 	: 	: 	: 	: 	: 
A,GROWRT,UKK2	5.8 	6.5 	7.2 	6.4 	5.7 	4.6 	: 	: 	: 	: 	: 	: 
A,GROWRT,UKK3	7.1 	7.8 	8.3 	9.9 	7.2 	7.1 	: 	: 	: 	: 	: 	: 
A,GROWRT,UKK4	7.1 	8.1 	7.3 	7.6 	6.2 	6.2 	: 	: 	: 	: 	: 	: 
A,GROWRT,UKL1	2.1 	2.2 	2.8 	3.3 	1.5 	2.4 	: 	: 	: 	: 	: 	: 
A,GROWRT,UKL2	4.4 	3.5 	4.4 	5.8 	3.8 	4.4 	: 	: 	: 	: 	: 	: 
A,GROWRT,UKM5	9.3 	7.6 	2.6 	-1.7 	6.7 	1.5 	: 	: 	: 	: 	: 	: 
A,GROWRT,UKM6	1.3 	1.2 	2.2 	1.1 	2.8 	0.5 	: 	: 	: 	: 	: 	: 
A,GROWRT,UKM7	4.9 	6.5 	7.9 	7.3 	6.0 	5.2 	: 	: 	: 	: 	: 	: 
A,GROWRT,UKM8	2.2 	4.1 	6.7 	6.9 	3.4 	3.6 	: 	: 	: 	: 	: 	: 
A,GROWRT,UKM9	-0.9 	-0.4 	0.8 	1.2 	0.5 	0.4 	: 	: 	: 	: 	: 	: 
A,GROWRT,UKN0	4.7 	5.9 	5.8 	5.2 	5.0 	4.9 	: 	: 	: 	: 	: 	: 
A,NATGROWRT,AL01	: 	5.8 	4.2 	4.4 	3.9 	3.3 	3.2 	0.9 	0.3 	0.9 	1.2 	1.2 
A,NATGROWRT,AL02	: 	6.3 	5.0 	4.9 	4.5 	4.4 	4.0 	1.9 	1.0 	2.6 	3.3 	3.3 
A,NATGROWRT,AL03	: 	2.6 	1.2 	1.1 	0.1 	-0.9 	-0.8 	-3.2 	-5.6 	-3.7 	-2.7 	-3.7 
A,NATGROWRT,AT11	-3.9 	-3.5 	-3.6 	-3.1 	-3.9 	-3.7 	-3.9 	-4.8 	-4.6 	-5.1 	-4.9 	-5.7 
A,NATGROWRT,AT12	-1.5 	-1.2 	-1.6 	-0.9 	-1.2 	-1.6 	-1.7 	-2.4 	-2.6 	-2.9 	-3.3 	-3.2 
A,NATGROWRT,AT13	1.3 	1.8 	1.9 	2.6 	2.2 	1.7 	2.0 	0.7 	0.7 	0.6 	0.4 	1.1 
A,NATGROWRT,AT21	-2.1 	-1.9 	-2.5 	-1.9 	-2.1 	-2.7 	-2.8 	-4.0 	-3.3 	-4.1 	-4.0 	-3.9 
A,NATGROWRT,AT22	-1.2 	-1.2 	-1.4 	-0.9 	-1.2 	-1.2 	-1.4 	-2.8 	-1.7 	-2.8 	-2.5 	-2.6 
A,NATGROWRT,AT31	0.4 	1.3 	0.7 	1.7 	1.2 	1.0 	1.0 	-0.1 	0.0 	-0.3 	-0.7 	-0.5 
A,NATGROWRT,AT32	1.4 	2.1 	1.8 	2.1 	2.1 	1.8 	1.9 	1.0 	0.8 	0.2 	-0.1 	-0.6 
A,NATGROWRT,AT33	1.8 	2.0 	2.1 	2.4 	2.4 	2.1 	1.7 	1.0 	1.7 	0.6 	0.2 	0.1 
A,NATGROWRT,AT34	2.5 	3.4 	2.9 	3.6 	3.0 	3.1 	3.2 	2.0 	2.3 	0.9 	1.4 	0.7 
A,NATGROWRT,BE10	7.7 b	8.1 b	7.5 	7.5 	7.3 	7.0 	6.6 	4.0 	5.6 	4.7 	4.3 	4.3 
A,NATGROWRT,BE21	2.0 b	2.5 b	1.6 	1.9 	1.5 	1.3 	1.5 	-0.2 	1.4 	0.6 	0.9 	0.9 
A,NATGROWRT,BE22	1.6 b	1.9 b	1.0 	1.1 	0.6 	0.0 	0.0 	-1.4 	-0.5 	-1.3 	-0.9 	-1.2 
A,NATGROWRT,BE23	0.7 b	1.2 b	0.5 	0.6 	0.2 	0.2 	-0.1 	-1.3 	0.4 	-0.5 	-0.5 	-0.4 
A,NATGROWRT,BE24	1.3 b	1.5 b	0.8 	1.1 	0.8 	0.3 	0.7 	-0.3 	0.9 	0.0 	0.3 	0.1 
A,NATGROWRT,BE25	-1.2 b	-0.9 b	-1.5 	-1.0 	-1.9 	-1.7 	-1.6 	-3.3 	-2.0 	-2.6 	-2.3 	-2.7 
A,NATGROWRT,BE31	1.4 b	1.1 b	0.7 	0.9 	0.5 	0.3 	0.6 	-1.2 	0.4 	-0.7 	-0.6 	-1.3 
A,NATGROWRT,BE32	-0.4 b	-0.1 b	-0.9 	-1.0 	-0.8 	-1.3 	-1.0 	-3.4 	-1.4 	-1.6 	-1.6 	-1.7 
A,NATGROWRT,BE33	0.4 b	0.8 b	-0.2 	0.2 	-0.1 	-0.4 	0.1 	-3.0 	-0.5 	-1.2 	-0.9 	-1.3 
A,NATGROWRT,BE34	2.1 b	2.4 b	1.7 	0.9 	1.1 	0.6 	1.9 	-0.2 	0.7 	0.5 	0.3 	0.0 
A,NATGROWRT,BE35	0.3 b	0.5 b	-0.1 	0.0 	-0.6 	-0.4 	-0.6 	-2.1 	-0.4 	-1.0 	-1.0 	-1.6 
A,NATGROWRT,BG31	-10.7 	-11.7 	-12.0 	-11.9 	-12.7 	-12.6 	-13.1 	-16.1 	-21.4 	-15.4 	-12.2 	-12.3 
A,NATGROWRT,BG32	-7.9 	-9.0 	-9.4 	-9.2 	-10.3 	-10.8 	-11.0 	-15.1 	-19.6 	-14.6 	-11.0 	-12.2 
A,NATGROWRT,BG33	-4.2 	-4.9 	-5.7 	-5.4 	-6.3 	-6.7 	-6.6 	-9.6 	-13.9 	-9.7 	-7.1 	-7.9 
A,NATGROWRT,BG34	-4.2 	-4.9 	-5.2 	-5.0 	-5.6 	-5.9 	-6.1 	-8.7 	-12.3 	-9.1 	-5.9 	-5.9 
A,NATGROWRT,BG41	-3.7 	-3.7 	-4.2 	-4.1 	-4.2 	-4.5 	-4.4 	-6.8 	-10.2 	-6.3 	-4.0 	-4.5 
A,NATGROWRT,BG42	-4.6 	-5.3 	-5.8 	-5.9 	-6.5 	-6.3 	-6.6 	-10.3 	-13.7 	-9.5 	-6.6 	-7.3 
A,NATGROWRT,CH01	3.4 	3.8 	3.3 	3.8 	3.4 	3.4 	3.3 	1.6 	3.4 	2.0 	2.0 	1.7 
A,NATGROWRT,CH02	0.9 	1.2 	1.1 	1.5 	1.3 	1.3 	1.1 	0.2 	1.2 	-0.2 	-0.1 	-0.3 
A,NATGROWRT,CH03	1.6 	2.0 	1.6 	2.2 	2.1 	2.0 	1.8 	0.9 	1.8 	0.6 	0.5 	0.4 
A,NATGROWRT,CH04	3.7 	4.4 	3.9 	4.3 	4.0 	3.9 	3.5 	3.0 	3.5 	2.1 	2.2 	1.9 
A,NATGROWRT,CH05	1.8 	1.9 	2.1 	2.4 	1.9 	2.2 	1.6 	0.8 	1.3 	0.6 	0.6 	0.3 
A,NATGROWRT,CH06	2.9 	3.2 	2.8 	3.4 	3.0 	3.2 	2.9 	2.1 	2.4 	1.3 	1.6 	1.4 
A,NATGROWRT,CH07	-0.6 	0.0 	-1.0 	-0.5 	-1.3 	-1.7 	-2.1 	-4.4 	-1.6 	-3.1 	-3.1 	-3.1 
A,NATGROWRT,CY00	4.9 	4.5 	3.8 	4.6 	3.7 	4.0 	3.7 	3.9 	3.4 	3.1 	3.7 	3.1 
A,NATGROWRT,CZ01	1.4 	2.0 	1.9 	2.2 	2.4 	2.3 	2.1 	0.8 	0.5 b	0.5 	0.3 	0.2 
A,NATGROWRT,CZ02	1.0 	1.7 	1.2 	1.5 	1.5 	0.8 	1.0 	-0.6 	-1.2 b	-0.6 	-1.0 	-1.9 
A,NATGROWRT,CZ03	-0.6 	-0.1 	-0.6 	0.1 	0.0 	-0.1 	-0.4 	-2.0 	-3.0 b	-2.0 	-2.2 	-2.8 
A,NATGROWRT,CZ04	-1.4 	-0.8 	-1.3 	-1.0 	-1.2 	-1.8 	-1.5 	-3.8 	-5.4 b	-3.5 	-4.0 	-4.5 
A,NATGROWRT,CZ05	-0.4 	0.2 	-0.2 	0.5 	0.0 	-0.2 	-0.2 	-1.8 	-3.5 b	-2.2 	-2.3 	-2.9 
A,NATGROWRT,CZ06	0.3 	1.1 	0.5 	1.0 	0.8 	0.7 	0.6 	-1.3 	-1.8 b	-1.3 	-1.5 	-2.1 
A,NATGROWRT,CZ07	-1.0 	-0.5 	-0.8 	-0.3 	-0.5 	-0.4 	-0.9 	-2.9 	-3.4 b	-2.4 	-2.5 	-3.2 
A,NATGROWRT,CZ08	-1.4 	-0.9 	-1.4 	-0.9 	-1.2 	-1.0 	-1.4 	-3.5 	-4.5 b	-3.5 	-3.4 	-4.2 
A,NATGROWRT,DE11	-0.6 	0.0 	-0.2 	0.6 	0.3 	0.3 	0.3 	-0.3 	0.0 	-1.4 b	-1.4 b	-1.5 
A,NATGROWRT,DE12	-1.6 	-1.0 	-1.3 	-0.7 	-1.0 	-1.0 	-1.1 	-1.5 	-1.3 	-2.5 b	-2.8 b	-2.4 
A,NATGROWRT,DE13	-1.3 	-0.9 	-1.1 	-0.1 	-0.4 	-0.4 	-0.4 	-1.0 	-0.9 	-2.1 b	-2.4 b	-2.2 
A,NATGROWRT,DE14	-0.5 	-0.2 	-0.5 	0.4 	0.3 	0.2 	0.2 	-0.2 	0.0 	-1.2 b	-1.3 b	-1.4 
A,NATGROWRT,DE21	0.8 	1.3 	0.9 	1.7 	1.4 	1.6 	1.3 	0.6 	0.9 	-0.3 b	-0.6 b	-0.7 
A,NATGROWRT,DE22	-2.6 	-2.3 	-2.6 	-1.7 	-2.0 	-1.9 	-1.6 	-2.3 	-2.2 	-2.7 b	-3.2 b	-3.1 
A,NATGROWRT,DE23	-2.7 	-2.0 	-2.5 	-1.8 	-1.8 	-1.8 	-1.2 	-2.0 	-2.1 	-2.8 b	-3.2 b	-2.8 
A,NATGROWRT,DE24	-4.7 	-4.0 	-4.8 	-3.7 	-4.1 	-4.1 	-3.5 	-4.7 	-4.9 	-5.9 b	-5.7 b	-5.6 
A,NATGROWRT,DE25	-1.9 	-1.4 	-1.8 	-0.6 	-1.2 	-1.1 	-1.2 	-1.7 	-1.8 	-3.0 b	-3.0 b	-2.8 
A,NATGROWRT,DE26	-2.8 	-2.2 	-2.7 	-1.7 	-2.0 	-2.3 	-1.7 	-2.1 	-2.4 	-3.6 b	-3.8 b	-3.6 
A,NATGROWRT,DE27	-1.6 	-0.9 	-1.2 	-0.1 	-0.3 	-0.5 	-0.4 	-0.9 	-0.7 	-1.7 b	-1.6 b	-1.9 
A,NATGROWRT,DE30	0.7 	1.5 	1.1 	2.0 	1.6 	1.2 	1.3 	0.3 	0.4 	-1.1 b	-1.2 b	-1.1 
A,NATGROWRT,DE40	-4.6 	-3.9 	-4.7 	-4.0 	-4.6 	-5.1 	-5.0 	-6.2 	-7.2 	-7.9 b	-8.1 b	-7.9 
A,NATGROWRT,DE50	-3.3 	-1.9 	-2.0 	-0.9 	-1.3 	-1.3 	-0.8 	-1.7 	-1.8 	-3.2 b	-2.7 b	-3.0 
A,NATGROWRT,DE60	0.5 	1.3 	1.2 	2.3 	1.9 	1.6 	1.9 	1.1 	1.2 	-0.4 b	-0.7 b	-0.6 
A,NATGROWRT,DE71	-0.8 	0.1 	-0.4 	0.6 	0.3 	0.3 	0.1 	-0.6 	-0.5 	-1.8 b	-2.1 b	-1.8 
A,NATGROWRT,DE72	-3.1 	-2.5 	-2.9 	-1.9 	-2.5 	-2.4 	-2.6 	-3.0 	-3.0 	-4.1 b	-4.2 b	-4.1 
A,NATGROWRT,DE73	-4.6 	-3.5 	-4.2 	-3.1 	-3.2 	-3.9 	-3.5 	-4.1 	-4.5 	-5.3 b	-5.6 b	-5.6 
A,NATGROWRT,DE80	-4.5 	-3.8 	-4.4 	-4.3 	-4.8 	-5.5 	-5.6 	-6.1 	-7.6 	-9.1 b	-9.1 b	-9.4 
A,NATGROWRT,DE91	-4.7 	-3.7 	-4.1 	-3.0 	-3.7 	-3.7 	-3.6 	-3.7 	-3.9 	-5.6 b	-5.9 b	-5.5 
A,NATGROWRT,DE92	-3.7 	-3.1 	-3.7 	-2.2 	-3.0 	-3.1 	-3.1 	-3.1 	-3.5 	-5.1 b	-5.1 b	-5.0 
A,NATGROWRT,DE93	-3.8 	-3.0 	-3.4 	-2.8 	-3.0 	-3.3 	-3.2 	-3.4 	-3.5 	-5.2 b	-5.2 b	-5.2 
A,NATGROWRT,DE94	-2.6 	-1.5 	-2.1 	-1.2 	-1.2 	-1.8 	-1.3 	-1.7 	-1.5 	-3.3 b	-3.4 b	-3.6 
A,NATGROWRT,DEA1	-3.7 	-2.7 	-3.1 	-2.0 	-2.2 	-2.6 	-2.4 	-3.1 	-3.1 	-4.5 b	-4.5 b	-4.2 
A,NATGROWRT,DEA2	-1.8 	-0.9 	-1.2 	-0.4 	-0.8 	-1.0 	-1.1 	-1.5 	-1.4 	-2.8 b	-3.1 b	-3.0 
A,NATGROWRT,DEA3	-2.7 	-1.9 	-2.1 	-1.4 	-1.6 	-1.6 	-1.7 	-2.0 	-2.0 	-3.3 b	-3.2 b	-3.1 
A,NATGROWRT,DEA4	-2.4 	-1.6 	-1.8 	-1.2 	-1.5 	-1.8 	-1.5 	-1.8 	-1.9 	-3.4 b	-3.5 b	-3.3 
A,NATGROWRT,DEA5	-4.3 	-3.4 	-3.9 	-3.0 	-2.9 	-3.4 	-3.2 	-3.6 	-3.7 	-5.0 b	-5.0 b	-4.8 
A,NATGROWRT,DEB1	-4.4 	-3.9 	-3.9 	-3.2 	-3.5 	-3.5 	-3.3 	-3.6 	-3.9 	-5.0 b	-4.9 b	-5.1 
A,NATGROWRT,DEB2	-3.0 	-2.5 	-2.8 	-1.9 	-2.2 	-2.9 	-2.4 	-2.8 	-2.9 	-4.5 b	-4.3 b	-4.5 
A,NATGROWRT,DEB3	-2.8 	-1.9 	-2.2 	-1.3 	-1.7 	-1.9 	-2.1 	-2.2 	-2.2 	-3.5 b	-3.4 b	-3.5 
A,NATGROWRT,DEC0	-6.0 	-5.3 	-6.0 	-4.7 	-5.0 	-5.8 	-5.6 	-5.7 	-6.0 	-7.6 b	-6.7 b	-6.9 
A,NATGROWRT,DED2	-3.2 	-2.6 	-3.6 	-2.9 	-3.5 	-4.1 	-4.3 	-6.8 	-7.2 	-6.9 b	-7.3 b	-7.5 
A,NATGROWRT,DED4	-6.9 	-6.2 	-6.9 	-6.4 	-6.9 	-7.8 	-7.8 	-10.2 	-11.2 	-10.2 b	-10.4 b	-10.4 
A,NATGROWRT,DED5	-2.8 	-2.0 	-2.2 	-1.5 	-2.2 	-2.5 	-2.4 	-3.1 	-4.3 	-5.2 b	-5.4 b	-5.5 
A,NATGROWRT,DEE0	-6.5 	-6.1 	-6.7 	-6.0 	-6.7 	-7.3 	-7.1 	-8.1 	-9.8 	-10.5 b	-10.3 b	-10.1 
A,NATGROWRT,DEF0	-3.9 	-3.1 	-3.6 	-2.9 	-3.3 	-3.7 	-3.6 	-3.7 	-3.9 	-5.7 b	-5.9 b	-5.8 
A,NATGROWRT,DEG0	-4.7 	-4.2 	-5.0 	-4.5 	-5.2 	-5.8 	-5.9 	-6.7 	-9.2 	-8.8 b	-8.6 b	-8.8 
A,NATGROWRT,DK01	2.7 	3.4 	3.3 	3.9 	3.8 	3.6 	3.9 	3.5 	3.8 	2.3 	2.4 	2.8 
A,NATGROWRT,DK02	-2.6 	-2.3 	-2.1 	-1.8 	-2.2 	-2.3 	-2.3 	-2.5 	-2.7 	-3.4 	-3.4 	-3.4 
A,NATGROWRT,DK03	-0.4 	-0.4 	-0.3 	0.1 	-0.1 	-0.6 	-0.5 	-0.6 	-0.7 	-2.1 	-2.0 	-1.9 
A,NATGROWRT,DK04	1.6 	1.8 	1.9 	2.6 	2.3 	2.0 	2.1 	2.2 	2.1 	1.0 	0.9 	0.9 
A,NATGROWRT,DK05	-1.3 	-0.6 	-0.7 	-0.3 	0.2 	-0.7 	-0.4 	-0.5 	-0.7 	-2.4 	-1.9 	-2.2 
A,NATGROWRT,EE00	-1.3 	-1.5 	-1.0 	-1.0 	-1.3 	-1.0 	-1.0 	-2.0 	-4.0 	-4.2 	-3.7 	-4.4 
A,NATGROWRT,EL30	-0.7 	-0.9 	-1.7 	-1.4 	-2.3 	-2.2 	-2.8 	-3.0 	-4.3 	-4.9 	-4.4 	-4.7 
A,NATGROWRT,EL41	-3.4 	-3.7 	-4.5 	-3.4 	-3.6 	-2.5 	-2.5 	-0.6 	-3.5 	-6.4 	-4.0 	-5.0 
A,NATGROWRT,EL42	1.6 	1.5 	1.0 	1.9 	1.4 	1.7 	1.4 	1.4 	0.7 	-0.2 	-0.3 	-0.5 
A,NATGROWRT,EL43	1.2 	0.9 	0.3 	1.0 	-0.2 	0.4 	-0.2 	-0.3 	-0.7 	-2.0 	-1.9 	-2.3 
A,NATGROWRT,EL51	-3.2 	-3.6 	-4.2 	-4.0 	-5.3 	-5.2 	-5.9 	-7.8 	-7.7 	-8.0 	-7.2 	-7.6 
A,NATGROWRT,EL52	-1.5 	-2.4 	-2.9 	-2.8 	-3.8 	-3.9 	-4.5 	-6.3 	-7.4 	-7.1 	-5.9 	-6.0 
A,NATGROWRT,EL53	-3.8 	-3.6 	-4.7 	-4.5 	-5.2 	-5.4 	-6.5 	-7.7 	-9.1 	-9.7 	-8.4 	-8.4 
A,NATGROWRT,EL54	-3.5 	-3.6 	-4.8 	-4.4 	-5.3 	-5.4 	-6.0 	-6.2 	-7.1 	-8.1 	-7.3 	-7.5 
A,NATGROWRT,EL61	-2.9 	-3.5 	-3.7 	-4.1 	-4.8 	-4.5 	-5.5 	-6.6 	-8.3 	-8.0 	-7.4 	-7.0 
A,NATGROWRT,EL62	-2.4 	-2.9 	-4.3 	-3.6 	-4.6 	-3.8 	-4.5 	-4.5 	-4.8 	-6.5 	-5.7 	-5.7 
A,NATGROWRT,EL63	-2.5 	-2.7 	-3.5 	-3.1 	-3.9 	-3.9 	-4.6 	-4.6 	-6.3 	-7.0 	-5.7 	-6.1 
A,NATGROWRT,EL64	-3.3 	-4.0 	-4.9 	-4.4 	-5.4 	-5.4 	-6.8 	-6.0 	-8.1 	-8.6 	-8.1 	-7.8 
A,NATGROWRT,EL65	-4.2 	-4.4 	-5.6 	-4.7 	-6.0 	-5.7 	-6.5 	-6.5 	-7.8 	-9.1 	-8.3 	-8.1 
A,NATGROWRT,ES11	-3.9 	-3.8 	-4.5 	-4.7 	-5.0 	-5.9 	-5.8 	-6.5 	-6.7 	-7.6 	-6.9 	-7.2 
A,NATGROWRT,ES12	-5.7 	-5.9 	-6.8 	-6.6 	-6.9 	-7.3 	-7.6 	-9.6 	-8.5 	-9.1 	-8.4 	-8.5 
A,NATGROWRT,ES13	-1.3 	-2.3 	-2.9 	-2.9 	-3.2 	-3.9 	-4.2 	-5.2 	-4.7 	-6.0 	-5.2 	-5.2 
A,NATGROWRT,ES21	-0.3 	-0.4 	-1.2 	-1.4 	-2.1 	-2.6 	-2.8 	-4.3 	-4.0 	-4.8 	-4.0 	-4.2 
A,NATGROWRT,ES22	1.2 	1.1 	0.5 	0.3 	-0.2 	-0.6 	-0.3 	-2.5 	-1.0 	-2.3 	-2.0 	-2.2 
A,NATGROWRT,ES23	0.1 	-0.2 	-1.1 	-1.0 	-1.5 	-2.8 	-2.3 	-4.3 	-3.8 	-4.0 	-3.8 	-3.9 
A,NATGROWRT,ES24	-1.3 	-1.6 	-2.3 	-1.9 	-2.8 	-3.1 	-3.0 	-5.7 	-3.8 	-4.8 	-3.9 	-3.9 
A,NATGROWRT,ES30	3.6 	3.5 	2.8 	2.8 	2.1 	1.7 	1.3 	-2.1 	0.2 	0.0 	0.2 	0.2 
A,NATGROWRT,ES41	-3.9 	-4.0 	-4.8 	-4.8 	-5.6 	-5.9 	-6.0 	-9.4 	-6.8 	-7.5 	-6.5 	-6.7 
A,NATGROWRT,ES42	0.4 	0.0 	-0.8 	-0.7 	-1.6 	-1.8 	-2.0 	-5.4 	-2.9 	-2.9 	-2.6 	-2.6 
A,NATGROWRT,ES43	-2.0 	-1.5 	-2.4 	-2.3 	-2.9 	-3.4 	-3.4 	-5.4 	-4.8 	-5.3 	-4.3 	-4.7 
A,NATGROWRT,ES51	1.4 	1.4 	0.8 	0.8 	0.1 	-0.4 	-0.4 	-2.8 	-1.5 	-1.8 	-1.7 	-1.7 
A,NATGROWRT,ES52	0.7 	0.6 	-0.2 	-0.1 	-0.9 	-1.5 	-1.3 	-2.5 	-2.7 	-2.8 	-2.1 	-2.0 
A,NATGROWRT,ES53	2.6 	2.5 	2.0 	2.4 	1.7 	1.8 	1.4 	0.8 	0.6 	-0.2 	0.1 	0.1 
A,NATGROWRT,ES61	1.9 	1.9 	1.0 	1.2 	0.4 	-0.2 	-0.1 	-1.5 	-1.6 	-1.9 	-1.5 	-1.5 
A,NATGROWRT,ES62	4.1 	4.0 	3.2 	3.2 	2.4 	2.3 	1.8 	0.9 	0.7 	0.1 	0.4 	0.5 
A,NATGROWRT,ES63	6.6 	8.2 	7.0 	6.5 	5.7 	5.1 	3.6 	2.3 	0.5 	1.4 	1.5 	2.0 
A,NATGROWRT,ES64	12.5 	13.5 	11.7 	11.3 	9.9 	9.6 	8.6 	4.2 	4.3 	4.8 	3.2 	4.2 
A,NATGROWRT,ES70	1.1 	1.0 	0.5 	0.5 	0.2 	-0.7 	-0.7 	-1.5 	-2.0 	-3.0 	-2.6 	-2.6 
A,NATGROWRT,FI19	0.7 	0.3 	0.0 	-0.8 	-1.4 	-2.0 	-2.2 	-2.4 	-2.2 	-4.3 	-4.3 	-3.3 
A,NATGROWRT,FI1B	4.3 	4.0 	3.7 	3.1 	2.7 	2.3 	2.0 	1.9 	2.5 	0.7 	0.8 	1.3 
A,NATGROWRT,FI1C	-1.4 	-1.5 	-1.8 	-2.8 	-3.0 	-3.9 	-4.2 	-4.2 	-4.3 	-5.9 	-6.1 	-5.5 
A,NATGROWRT,FI1D	0.4 	0.0 	-0.7 	-1.4 	-2.0 	-2.8 	-3.1 	-3.1 	-3.4 	-5.2 	-4.9 	-4.6 
A,NATGROWRT,FI20	0.6 	1.1 	-0.3 	-0.1 	1.5 	0.3 	0.0 	-1.0 	1.0 	-1.8 	-0.4 	-3.0 
A,NATGROWRT,FR10	: 	9.3 	8.7 	8.5 	8.2 	8.1 	8.0 	6.3 	6.8 	6.5 	6.1 p	5.8 p
A,NATGROWRT,FRB0	: 	1.7 	0.5 	0.4 	-0.2 	-0.3 	-0.5 	-1.3 	-1.3 	-1.5 	-1.8 p	-2.0 p
A,NATGROWRT,FRC1	: 	-0.3 	-1.3 	-1.8 	-2.3 	-2.3 	-2.7 	-3.8 	-3.3 	-3.9 	-3.9 p	-4.2 p
A,NATGROWRT,FRC2	: 	2.6 	1.8 	1.5 	0.9 	0.4 	0.2 	-1.5 	-0.8 	-1.2 	-1.5 p	-1.9 p
A,NATGROWRT,FRD1	: 	0.3 	-0.6 	-1.2 	-1.6 	-2.0 	-2.1 	-2.6 	-2.9 	-3.6 	-3.3 p	-3.7 p
A,NATGROWRT,FRD2	: 	3.2 	2.5 	2.4 	1.8 	1.5 	1.2 	0.1 	0.5 	0.1 	-0.2 p	-0.5 p
A,NATGROWRT,FRE1	: 	4.7 	3.7 	3.3 	2.8 	2.2 	2.3 	1.1 	1.1 	0.8 	0.7 p	0.6 p
A,NATGROWRT,FRE2	: 	3.5 	2.7 	2.1 	1.9 	1.4 	1.1 	-0.2 	0.2 	0.2 	-0.1 p	-0.3 p
A,NATGROWRT,FRF1	: 	3.8 	2.8 	2.7 	2.3 	1.9 	1.7 	0.1 	0.8 	0.0 	-0.1 p	-0.3 p
A,NATGROWRT,FRF2	: 	1.9 	0.8 	0.6 	-0.3 	-0.3 	-0.2 	-1.5 	-1.2 	-1.5 	-1.7 p	-2.1 p
A,NATGROWRT,FRF3	: 	1.6 	0.5 	0.3 	0.0 	-0.5 	-0.7 	-2.4 	-1.8 	-2.3 	-2.4 p	-2.6 p
A,NATGROWRT,FRG0	: 	3.4 	2.2 	1.9 	1.5 	1.3 	1.1 	0.6 	0.7 	0.0 	-0.1 p	-0.5 p
A,NATGROWRT,FRH0	: 	0.9 	-0.1 	-0.5 	-0.8 	-1.1 	-1.2 	-1.4 	-1.5 	-2.3 	-2.4 p	-2.6 p
A,NATGROWRT,FRI1	: 	0.6 	-0.2 	-0.2 	-0.8 	-0.8 	-0.9 	-1.1 	-1.4 	-2.0 	-2.0 p	-2.4 p
A,NATGROWRT,FRI2	: 	-2.8 	-4.1 	-4.1 	-4.3 	-4.5 	-4.7 	-4.9 	-5.3 	-5.6 	-5.4 p	-6.0 p
A,NATGROWRT,FRI3	: 	-0.4 	-1.7 	-1.9 	-2.6 	-2.9 	-2.9 	-3.4 	-3.8 	-4.4 	-4.2 p	-4.6 p
A,NATGROWRT,FRJ1	: 	1.3 	0.6 	0.2 	-0.2 	-0.5 	-0.5 	-1.2 	-1.4 	-1.9 	-2.1 p	-2.4 p
A,NATGROWRT,FRJ2	: 	1.7 	0.8 	0.6 	0.0 	0.0 	-0.2 	-0.6 	-0.6 	-1.3 	-1.5 p	-1.7 p
A,NATGROWRT,FRK1	: 	-0.8 	-1.9 	-2.0 	-2.5 	-2.2 	-2.6 	-3.9 	-3.2 	-3.8 	-4.0 p	-3.9 p
A,NATGROWRT,FRK2	: 	5.3 	4.5 	4.2 	3.8 	3.7 	3.4 	1.7 	2.6 	2.1 	1.7 p	1.5 p
A,NATGROWRT,FRL0	: 	2.6 	1.8 	1.6 	1.2 	1.1 	0.9 	-0.1 	-0.5 	-0.4 	-0.5 p	-0.7 p
A,NATGROWRT,FRM0	: 	-0.2 	-0.7 	-0.5 	-0.7 	-0.8 	-1.1 	-2.1 	-2.5 	-2.8 	-3.0 p	-2.8 p
A,NATGROWRT,FRY1	: 	5.1 	5.4 	4.4 	3.2 	3.4 	3.7 	3.1 	0.1 	1.2 	1.2 p	-0.1 p
A,NATGROWRT,FRY2	: 	2.7 	2.4 	1.3 	1.1 	1.0 	0.5 	-0.2 	-2.8 	-1.9 	-1.3 p	-2.5 p
A,NATGROWRT,FRY3	: 	22.7 	22.6 	23.7 	26.0 	25.4 	25.0 	24.5 	23.5 	22.3 	21.9 p	19.1 p
A,NATGROWRT,FRY4	: 	11.5 	11.1 	10.6 	10.6 	9.7 	9.4 	9.2 	8.8 	7.7 	8.2 p	6.6 p
A,NATGROWRT,FRY5	: 	29.5 	35.3 	35.8 	35.4 	33.4 	32.7 	28.9 	32.2 	32.1 	29.5 p	24.3 p
A,NATGROWRT,HR02	: 	: 	: 	: 	: 	: 	: 	-8.4 	-9.7 	-8.6 	-6.9 	-7.5 
A,NATGROWRT,HR03	-2.0 	-2.3 	-3.7 	-3.3 	-4.3 	-3.7 	-3.8 	-4.8 	-6.4 	-6.2 	-5.1 	-4.7 
A,NATGROWRT,HR04	-2.7 	-2.8 	-4.1 	-3.4 	-4.1 	-4.0 	-4.0 	: 	: 	: 	: 	: 
A,NATGROWRT,HR05	: 	: 	: 	: 	: 	: 	: 	-2.7 	-3.8 	-2.8 	-2.6 	-2.3 
A,NATGROWRT,HR06	: 	: 	: 	: 	: 	: 	: 	-5.1 	-6.5 	-5.4 	-4.5 	-4.6 
A,NATGROWRT,HU11	-2.9 	-2.4 	-3.2 	-2.6 	-3.3 	-3.4 	-3.3 	-4.7 	-5.5 	-4.6 	-3.8 	-4.7 
A,NATGROWRT,HU12	-1.7 	-1.3 	-2.1 	-1.3 	-1.9 	-1.7 	-1.4 	-2.0 	-3.4 	-2.3 	-1.8 	-2.9 
A,NATGROWRT,HU21	-3.8 	-3.4 	-4.4 	-3.5 	-4.3 	-4.6 	-4.3 	-5.5 	-6.9 	-5.4 	-5.0 	-5.4 
A,NATGROWRT,HU22	-4.7 	-4.2 	-4.4 	-3.9 	-4.3 	-4.2 	-3.9 	-5.5 	-6.3 	-4.9 	-4.4 	-5.3 
A,NATGROWRT,HU23	-5.4 	-4.7 	-5.8 	-5.0 	-5.7 	-5.6 	-5.7 	-6.6 	-9.2 	-7.2 	-6.7 	-7.4 
A,NATGROWRT,HU31	-4.7 	-4.3 	-4.7 	-3.9 	-4.4 	-4.5 	-4.6 	-5.8 	-8.0 	-5.6 	-4.7 	-5.4 
A,NATGROWRT,HU32	-2.7 	-2.2 	-2.7 	-1.8 	-2.4 	-2.9 	-2.8 	-3.7 	-5.5 	-3.7 	-3.1 	-4.2 
A,NATGROWRT,HU33	-5.4 	-5.3 	-5.8 	-5.0 	-5.5 	-5.3 	-5.5 	-6.7 	-8.5 	-6.8 	-6.2 	-7.0 
A,NATGROWRT,IE04	6.8 	6.1 	5.8 	5.6 	5.2 	5.0 	4.6 	3.8 	4.1 	2.7 	2.9 	2.7 
A,NATGROWRT,IE05	7.2 	6.9 	6.5 	5.4 	5.4 	5.1 	4.5 	4.0 	4.1 	2.6 	2.4 	2.4 
A,NATGROWRT,IE06	10.2 	9.8 	8.9 	8.5 	7.7 	7.2 	6.9 	5.5 	6.2 	4.8 	4.8 	4.2 
A,NATGROWRT,IS00	6.7 	7.1 	5.9 	5.1 	5.3 	5.6 	6.0 	6.0 	6.8 	4.4 	4.5 	4.4 
A,NATGROWRT,ITC1	-3.3 	-3.3 	-4.8 	-4.4 	-5.2 	-5.7 	-5.8 	-9.0 	-7.0 	-7.7 	-6.8 	-6.6 
A,NATGROWRT,ITC2	-1.8 	-1.3 	-4.1 	-3.3 	-4.3 	-4.6 	-4.4 	-8.3 	-6.1 	-6.1 	-5.3 	-6.4 
A,NATGROWRT,ITC3	-6.7 	-6.3 	-7.9 	-7.0 	-8.1 	-8.6 	-8.2 	-11.2 	-9.3 	-10.2 	-8.8 	-8.4 
A,NATGROWRT,ITC4	-0.3 	-0.4 	-1.5 	-1.3 	-2.0 	-2.4 	-2.7 	-6.6 	-3.9 	-4.5 	-3.8 	-3.8 
A,NATGROWRT,ITF1	-2.7 	-2.9 	-3.9 	-3.4 	-4.6 	-4.4 	-4.7 	-6.1 	-6.2 	-6.9 	-6.5 	-5.9 
A,NATGROWRT,ITF2	-4.1 	-4.3 	-5.5 	-4.8 	-5.6 	-5.9 	-5.7 	-7.9 	-9.0 	-8.9 	-7.9 	-8.1 
A,NATGROWRT,ITF3	0.1 	-0.1 	-1.0 	-0.5 	-1.1 	-1.0 	-1.2 	-2.4 	-3.1 	-3.0 	-2.9 	-2.8 
A,NATGROWRT,ITF4	-0.6 	-0.9 	-2.0 	-1.6 	-2.6 	-2.5 	-2.9 	-4.4 	-5.1 	-4.7 	-4.6 	-4.6 
A,NATGROWRT,ITF5	-3.2 	-3.2 	-4.0 	-3.8 	-4.4 	-4.5 	-5.1 	-5.8 	-6.5 	-7.2 	-6.6 	-5.9 
A,NATGROWRT,ITF6	-1.1 	-1.4 	-2.0 	-1.7 	-2.7 	-2.4 	-3.0 	-3.8 	-5.1 	-5.1 	-4.7 	-4.4 
A,NATGROWRT,ITG1	-1.0 	-1.0 	-2.0 	-1.7 	-2.6 	-2.3 	-2.8 	-3.7 	-4.5 	-4.7 	-4.4 	-4.0 
A,NATGROWRT,ITG2	-2.0 	-2.4 	-3.3 	-3.4 	-4.1 	-4.2 	-5.0 	-6.6 	-6.5 	-8.1 	-7.3 	-7.3 
A,NATGROWRT,ITH1	2.4 	2.7 	1.9 	2.3 	1.8 	1.7 	1.5 	-0.5 	0.4 	-0.6 	0.2 	0.0 
A,NATGROWRT,ITH2	0.5 	0.2 	-0.4 	-0.6 	-1.0 	-1.2 	-1.5 	-4.6 	-2.2 	-2.6 	-2.5 	-2.7 
A,NATGROWRT,ITH3	-0.9 	-1.1 	-2.2 	-2.0 	-2.6 	-2.8 	-3.1 	-5.1 	-4.3 	-4.9 	-4.3 	-4.2 
A,NATGROWRT,ITH4	-3.9 	-3.7 	-5.1 	-4.6 	-5.3 	-5.5 	-5.6 	-7.5 	-7.8 	-7.2 	-6.4 	-6.5 
A,NATGROWRT,ITH5	-2.2 	-2.5 	-3.6 	-3.3 	-4.1 	-3.9 	-4.3 	-6.6 	-5.7 	-5.7 	-5.1 	-5.1 
A,NATGROWRT,ITI1	-3.4 	-3.3 	-4.8 	-4.2 	-5.0 	-5.0 	-5.5 	-6.9 	-6.8 	-7.5 	-6.4 	-6.5 
A,NATGROWRT,ITI2	-3.1 	-3.2 	-4.8 	-4.4 	-5.3 	-4.9 	-5.4 	-6.7 	-7.2 	-7.8 	-7.1 	-6.9 
A,NATGROWRT,ITI3	-2.7 	-2.9 	-4.1 	-3.8 	-5.1 	-4.6 	-5.1 	-7.0 	-7.0 	-7.3 	-6.0 	-6.3 
A,NATGROWRT,ITI4	-0.4 	-0.8 	-1.8 	-1.6 	-2.7 	-2.6 	-3.1 	-4.3 	-4.7 	-4.9 	-5.2 	-4.8 
A,NATGROWRT,LI00	2.5 	2.8 	1.9 	2.8 	2.3 	2.7 	2.4 	0.9 	2.7 	2.2 	2.3 	1.0 
A,NATGROWRT,LT01	-1.6 	-0.9 	-0.7 	-0.4 	-0.5 	-0.8 	-1.6 	-3.4 	-4.8 	-3.2 	-2.3 	-3.4 
A,NATGROWRT,LT02	-5.3 	-4.8 	-5.3 	-5.4 	-5.8 	-6.0 	-6.0 	-8.6 	-10.3 	-9.1 	-7.1 	-7.6 
A,NATGROWRT,LU00	4.2 	4.0 	3.7 	3.6 b	3.2 b	3.2 	3.1 	2.9 	3.4 	3.1 	2.8 	2.9 
A,NATGROWRT,LV00	-4.0 	-3.4 	-3.3 	-3.4 	-4.1 	-4.9 	-4.7 	-5.9 	-9.1 	-7.8 	-7.2 	-7.4 
A,NATGROWRT,ME00	2.5 	2.4 	1.7 	1.8 	1.5 	1.2 	1.0 	-0.3 	-3.4 	-0.1 	1.1 	1.0 
A,NATGROWRT,MK00	1.9 	1.9 	1.2 	1.2 	0.7 	0.8 	-0.3 	-3.2 	-5.1 	-2.4 	-1.9 	-2.3 
A,NATGROWRT,MT00	1.9 	2.1 	2.0 	2.5 	1.6 	1.6 	1.3 	0.6 	0.4 	0.1 	0.8 	0.3 
A,NATGROWRT,NL11	-0.1 	0.2 	-0.3 	-0.3 	-1.0 	-1.2 	-0.8 	-1.3 	-1.5 	-2.0 	-2.2 	-2.5 
A,NATGROWRT,NL12	0.5 	0.8 	-0.1 	-0.4 	-0.5 	-1.0 	-0.5 	-0.9 	-1.1 	-2.0 	-2.0 	-2.2 
A,NATGROWRT,NL13	-1.3 	-0.6 	-1.9 	-1.8 	-2.1 	-2.7 	-2.1 	-2.9 	-2.9 	-4.0 	-3.5 	-4.0 
A,NATGROWRT,NL21	2.1 	2.2 	1.6 	1.4 	0.9 	0.6 	0.6 	-0.4 	-0.1 	-0.4 	-0.5 	-0.5 
A,NATGROWRT,NL22	1.2 	1.4 	0.8 	0.7 	0.4 	0.2 	0.2 	-0.5 	-0.2 	-0.9 	-0.7 	-0.9 
A,NATGROWRT,NL23	6.1 	7.0 	6.1 	5.7 	5.6 	5.6 	5.8 	5.0 	5.2 	5.1 	4.6 	4.1 
A,NATGROWRT,NL31	4.2 	4.6 	3.9 	3.8 	3.7 	3.4 	3.6 	2.7 	3.3 	2.0 	: 	: 
A,NATGROWRT,NL32	2.7 	3.0 	2.3 	2.4 	2.3 	2.1 	2.2 	1.2 	1.7 	0.9 	0.5 	0.7 
A,NATGROWRT,NL33	2.8 	3.4 	2.5 	2.6 	2.3 	2.1 	2.3 	1.0 	1.7 	1.0 	: 	: 
A,NATGROWRT,NL34	-0.8 	0.3 	-0.9 	-1.1 	-1.3 	-1.7 	-1.3 	-1.9 	-3.0 	-2.4 	-2.7 	-3.0 
A,NATGROWRT,NL35	: 	4.5 	3.8 	3.8 	3.7 	3.4 	3.5 	2.6 	3.3 	2.0 	1.8 	2.2 
A,NATGROWRT,NL36	: 	3.4 	2.5 	2.6 	2.3 	2.1 	2.3 	1.0 	1.7 	1.0 	1.0 	0.8 
A,NATGROWRT,NL41	1.2 	1.4 	0.6 	0.7 	0.3 	0.1 	0.2 	-1.2 	0.0 	-0.7 	-1.0 	-0.9 
A,NATGROWRT,NL42	-1.8 	-1.9 	-2.8 	-2.3 	-2.7 	-2.9 	-3.0 	-4.5 	-4.0 	-3.6 	-3.9 	-4.3 
A,NATGROWRT,NO01	6.7 	6.6 	5.6 	6.7 	6.1 	5.9 	5.9 	: 	: 	: 	: 	: 
A,NATGROWRT,NO02	-2.2 	-1.7 	-1.8 	-1.9 	-2.1 	-2.6 	-2.3 	-2.3 	-2.5 	-3.4 	-3.1 	-3.1 
A,NATGROWRT,NO03	0.9 	1.4 	1.2 	0.9 	0.6 	0.5 	0.3 	: 	: 	: 	: 	: 
A,NATGROWRT,NO04	5.6 	5.6 	5.8 	5.3 	4.7 	3.9 	3.8 	: 	: 	: 	: 	: 
A,NATGROWRT,NO05	3.5 	3.6 	3.9 	3.5 	3.2 	2.7 	2.5 	: 	: 	: 	: 	: 
A,NATGROWRT,NO06	3.7 	3.6 	3.4 	3.4 	2.8 	2.5 	2.4 	2.4 	2.8 	1.0 	1.5 	1.6 
A,NATGROWRT,NO07	1.6 	1.5 	1.6 	1.4 	0.9 	0.8 	0.3 	0.0 	0.7 	-1.1 	-0.1 	-0.5 
A,NATGROWRT,NO08	5.0 	5.3 	5.0 	5.0 	4.5 	4.3 	4.3 	3.9 	4.1 	2.6 	3.0 	3.4 
A,NATGROWRT,NO09	1.6 	1.5 	1.5 	1.7 	0.9 	0.7 	0.7 	0.5 	0.7 	-0.6 	-0.2 	0.0 
A,NATGROWRT,NO0A	4.7 	4.8 	4.8 	4.6 	4.2 	3.6 	3.4 	3.0 	3.4 	1.7 	1.9 	2.4 
A,NATGROWRT,PL21	1.2 	1.4 	1.0 	1.7 	1.9 	1.6 	1.2 	-1.0 b	-2.2 b	-1.5 	-1.3 	-1.9 
A,NATGROWRT,PL22	-1.4 	-1.1 	-1.9 	-1.4 	-1.4 	-2.1 	-2.5 	-5.0 b	-7.3 b	-5.9 	-5.7 	-6.2 
A,NATGROWRT,PL41	1.2 	1.7 	1.0 	1.7 	2.1 	1.1 	0.9 	-1.2 b	-2.8 b	-2.2 	-2.2 	-2.8 
A,NATGROWRT,PL42	-0.9 	-0.4 	-1.3 	-0.8 	-0.9 	-1.9 	-2.3 	-4.5 b	-6.5 b	-5.5 	-5.2 	-5.8 
A,NATGROWRT,PL43	-0.3 	0.2 	-0.7 	-0.2 	0.0 	-1.5 	-2.0 	-4.1 b	-6.1 b	-4.8 	-4.5 	-5.1 
A,NATGROWRT,PL51	-1.6 	-1.0 	-1.8 	-1.1 	-1.3 	-1.8 	-2.0 	-4.2 b	-5.6 b	-4.7 	-4.5 	-5.1 
A,NATGROWRT,PL52	-2.1 	-1.3 	-2.3 	-1.4 	-1.9 	-2.2 	-2.3 	-5.1 b	-6.5 b	-5.5 	-5.0 	-6.0 
A,NATGROWRT,PL61	-0.3 	0.0 	-0.6 	-0.3 	-0.2 	-1.3 	-1.3 	-3.7 b	-5.9 b	-4.7 	-4.5 	-5.1 
A,NATGROWRT,PL62	-0.2 	0.6 	-0.5 	-0.4 	0.1 	-0.9 	-1.4 	-3.4 b	-6.3 b	-4.8 	-4.7 	-4.9 
A,NATGROWRT,PL63	1.7 	2.0 	1.6 	2.1 	2.5 	1.8 	1.6 	-0.5 b	-2.1 b	-1.9 	-1.7 	-2.5 
A,NATGROWRT,PL71	-3.5 	-2.8 	-3.6 	-3.0 	-3.0 	-3.5 	-3.7 	-6.2 b	-7.8 b	-6.5 	-6.0 	-6.5 
A,NATGROWRT,PL72	-2.8 	-2.3 	-3.1 	-2.7 	-2.8 	-3.2 	-3.5 	-6.6 b	-8.4 b	-6.7 	-6.3 	-7.0 
A,NATGROWRT,PL81	-1.5 	-1.1 	-1.5 	-1.2 	-1.2 	-1.7 	-1.8 	-4.5 b	-7.1 b	-5.0 	-4.9 	-5.1 
A,NATGROWRT,PL82	0.9 	0.8 	0.1 	0.6 	1.2 	0.9 	0.3 	-2.2 b	-4.3 b	-2.6 	-2.5 	-3.3 
A,NATGROWRT,PL84	-1.3 	-0.7 	-1.3 	-0.8 	-0.4 	-1.0 	-1.0 	-3.6 b	-6.0 b	-4.0 	-3.5 	-4.1 
A,NATGROWRT,PL91	: 	1.5 	1.3 	2.0 	1.7 	1.3 	1.4 	-0.6 b	-2.0 b	-1.0 	-1.5 	-1.9 
A,NATGROWRT,PL92	: 	-0.3 	-0.7 	-0.5 	-0.2 	-0.9 	-1.0 	-3.9 b	-5.8 b	-4.1 	-3.6 	-4.2 
A,NATGROWRT,PT11	-1.7 	-1.7 	-1.7 	-1.7 	-1.9 	-2.1 	-2.1 	-3.7 	-3.4 	-3.4 	-3.0 	-3.4 
A,NATGROWRT,PT15	-2.3 	-2.1 	-1.7 	-2.3 	-2.3 	-2.1 	-1.5 	-2.4 	-3.7 	-3.8 	-2.7 	-2.6 
A,NATGROWRT,PT16	-5.1 	-4.9 	-5.0 	-5.2 	-5.4 	-5.6 	-5.5 	-6.5 	-7.4 	-6.8 	: 	: 
A,NATGROWRT,PT17	0.3 	0.6 	0.4 	0.5 	0.6 	0.3 	0.5 	-1.0 	-2.3 	-1.1 	: 	: 
A,NATGROWRT,PT18	-6.5 	-6.5 	-6.8 	-7.2 	-6.8 	-7.1 	-7.2 	-8.4 	-9.2 	-8.3 	: 	: 
A,NATGROWRT,PT19	: 	-4.9 	-5.1 	-5.3 	-5.4 	-5.6 	-5.6 	-6.6 	-7.4 	-6.9 	-5.9 	-6.1 
A,NATGROWRT,PT1A	: 	1.0 	1.0 	1.1 	1.2 	0.9 	1.1 	-0.6 	-1.8 	-0.7 	0.2 	0.4 
A,NATGROWRT,PT1B	: 	-0.5 	-1.1 	-1.1 	-1.0 	-1.2 	-1.1 	-2.3 	-3.4 	-2.1 	-1.2 	-1.1 
A,NATGROWRT,PT1C	: 	-7.3 	-7.9 	-7.7 	-7.6 	-7.9 	-8.0 	-9.2 	-10.0 	-9.3 	-8.2 	-8.5 
A,NATGROWRT,PT1D	: 	-4.8 	-4.8 	-5.4 	-5.4 	-5.6 	-5.2 	-6.2 	-7.5 	-6.4 	-5.4 	-4.9 
A,NATGROWRT,PT20	-0.4 	0.0 	-0.2 	-0.6 	-0.1 	-0.2 	-0.6 	-1.4 	-1.4 	-2.7 	-1.4 	-2.4 
A,NATGROWRT,PT30	-2.3 	-3.8 	-2.6 	-3.0 	-2.2 	-3.2 	-3.1 	-3.4 	-4.5 	-5.3 	-4.1 	-3.0 
A,NATGROWRT,RO11	-2.3 e	-1.8 e	-2.1 e	-1.4 	-1.4 	-1.8 	-1.7 e	-4.2 e	-5.9 e	-3.4 e	-2.7 e	-3.7 e
A,NATGROWRT,RO12	-1.1 e	-1.0 e	-1.6 e	-1.1 	-1.0 	-1.7 	-1.8 e	-4.1 e	-6.1 e	-3.6 e	-3.0 e	-3.7 e
A,NATGROWRT,RO21	-1.6 e	-1.4 e	-1.6 e	-1.4 	-1.2 	-2.3 	-1.7 e	-3.6 e	-5.5 e	-3.0 e	-3.2 e	-4.7 e
A,NATGROWRT,RO22	-3.8 e	-3.9 e	-4.0 e	-4.0 	-4.3 	-5.1 	-5.3 e	-7.0 e	-9.5 e	-6.6 e	-6.4 e	-7.2 e
A,NATGROWRT,RO31	-5.1 e	-5.2 e	-5.3 e	-5.3 	-5.4 	-5.8 	-5.9 e	-8.6 e	-10.8 e	-7.8 e	-6.9 e	-7.5 e
A,NATGROWRT,RO32	-0.9 e	-0.5 e	-0.7 e	-0.2 	0.6 	0.2 	0.3 e	-1.4 e	-4.1 e	-1.6 e	-2.2 e	-3.0 e
A,NATGROWRT,RO41	-5.2 e	-5.6 e	-5.8 e	-5.2 	-5.3 	-5.3 	-5.6 e	-7.5 e	-9.9 e	-7.1 e	-6.3 e	-7.1 e
A,NATGROWRT,RO42	-3.9 e	-3.5 e	-3.8 e	-3.1 	-3.5 	-3.2 	-3.5 e	-6.0 e	-8.6 e	-5.5 e	-5.2 e	-5.9 e
A,NATGROWRT,RS11	: 	: 	: 	: 	-2.2 	-2.1 	-2.0 	-4.9 	-7.2 	-3.7 	-2.5 	-2.5 
A,NATGROWRT,RS12	: 	: 	: 	: 	-5.4 	-5.5 	-5.5 	-7.5 	-10.1 	-7.2 	-6.0 	-6.3 
A,NATGROWRT,RS21	: 	: 	: 	: 	-6.5 	-6.2 	-6.2 	-8.8 	-12.3 	-7.5 	-5.8 	-6.2 
A,NATGROWRT,RS22	: 	: 	: 	: 	-8.1 	-8.0 	-7.8 	-11.1 	-14.4 	-9.7 	-7.8 	-8.1 
A,NATGROWRT,SE11	6.7 	6.4 	6.1 	6.0 	5.7 	5.4 	5.5 	4.2 	5.6 	4.2 	4.0 	4.2 
A,NATGROWRT,SE12	1.7 	2.2 	2.0 	2.0 	1.8 	1.7 	2.0 	0.9 	1.4 	0.5 	-0.2 	0.0 
A,NATGROWRT,SE21	0.4 	1.0 	0.6 	1.3 	0.7 	0.9 	1.4 	0.3 	0.9 	-0.4 	-1.0 	-0.8 
A,NATGROWRT,SE22	2.4 	2.8 	2.5 	2.6 	2.3 	2.3 	2.5 	1.6 	1.9 	0.7 	0.4 	0.4 
A,NATGROWRT,SE23	2.5 	2.8 	2.5 	2.8 	2.2 	2.4 	2.5 	1.8 	2.4 	1.3 	0.8 	1.0 
A,NATGROWRT,SE31	-1.7 	-0.9 	-1.3 	-0.7 	-0.6 	-0.3 	-0.6 	-1.8 	-1.6 	-2.3 	-3.1 	-3.1 
A,NATGROWRT,SE32	-2.1 	-1.8 	-1.7 	-1.1 	-1.3 	-0.8 	-1.0 	-2.8 	-1.6 	-3.2 	-3.1 	-3.5 
A,NATGROWRT,SE33	-0.2 	-0.3 	-0.3 	0.2 	-0.2 	-0.6 	-0.1 	-0.7 	-0.7 	-2.2 	-2.4 	-2.5 
A,NATGROWRT,SI03	-0.4 	0.0 	-0.8 	-0.8 	-1.1 	-1.6 	-1.5 	-3.9 	-3.3 	-3.2 	-2.9 	-3.2 
A,NATGROWRT,SI04	2.3 	2.4 	1.8 	1.6 	1.0 	0.8 	0.4 	-0.9 	-0.7 	-1.3 	-1.3 	-1.1 
A,NATGROWRT,SK01	2.4 	3.3 	3.1 	3.6 	3.5 	3.5 	3.2 	2.7 	0.1 	0.2 	0.2 	-0.4 
A,NATGROWRT,SK02	-1.2 	-1.2 	-1.7 	-1.2 	-1.5 	-1.7 	-1.2 	-2.8 	-5.5 	-3.6 	-3.2 	-3.9 
A,NATGROWRT,SK03	-0.2 	-0.1 	-0.6 	0.1 	-0.1 	-0.1 	-0.3 	-1.2 	-4.0 	-2.0 	-1.9 	-2.5 
A,NATGROWRT,SK04	2.4 	2.5 	2.2 	3.0 	2.8 	2.7 	2.6 	1.6 	-1.1 	1.3 	1.6 	1.8 
A,NATGROWRT,TR10	12.3 	12.8 	12.5 	12.0 	11.3 	10.6 b	9.4 b	7.4 	6.1 	6.1 	5.5 	5.3 
A,NATGROWRT,TR21	6.3 	6.1 	6.3 	6.2 	6.0 	5.7 b	4.9 b	3.6 	1.9 	2.2 	2.4 	2.0 
A,NATGROWRT,TR22	3.2 	3.0 	2.1 	2.0 	1.8 	1.6 b	0.9 b	0.2 	-2.4 	-1.5 	-1.1 	-1.6 
A,NATGROWRT,TR31	7.6 	7.8 	7.5 	6.7 	6.4 	5.8 b	4.6 b	3.3 	2.0 	2.0 	1.8 	1.2 
A,NATGROWRT,TR32	7.4 	7.5 	6.9 	6.4 	6.2 	5.6 b	4.5 b	3.1 	1.9 	2.0 	2.0 	1.3 
A,NATGROWRT,TR33	7.3 	7.2 	6.7 	6.2 	5.9 	5.3 b	4.6 b	2.8 	2.0 	2.4 	2.5 	1.8 
A,NATGROWRT,TR41	8.6 	8.8 	8.5 	8.2 	7.9 	7.5 b	6.6 b	5.1 	3.7 	3.9 	3.7 	3.1 
A,NATGROWRT,TR42	10.2 	10.7 	10.4 	10.2 	9.9 	9.5 b	8.4 b	6.7 	5.2 	5.5 	5.4 	4.8 
A,NATGROWRT,TR51	10.1 	10.5 	10.2 	9.7 	9.2 	8.5 b	7.5 b	5.4 	4.7 	4.7 	4.2 	3.8 
A,NATGROWRT,TR52	12.1 	12.1 	11.7 	11.3 	10.6 	10.1 b	9.1 b	6.9 	6.1 	7.1 	6.3 	5.9 
A,NATGROWRT,TR61	9.9 	10.1 	10.0 	9.4 	8.5 	7.6 b	6.7 b	5.5 	4.0 	4.0 	3.8 	3.2 
A,NATGROWRT,TR62	12.6 	13.0 	12.4 	11.6 	11.1 	10.4 b	9.1 b	7.3 	6.1 	6.5 	5.4 	5.1 
A,NATGROWRT,TR63	16.0 	16.3 	15.4 	14.7 	13.9 	13.0 b	11.9 b	9.7 	8.6 	9.0 	-2.2 	7.5 
A,NATGROWRT,TR71	9.7 	9.7 	9.1 	8.8 	8.2 	7.8 b	6.9 b	5.2 	4.0 	4.7 	4.2 	3.7 
A,NATGROWRT,TR72	10.6 	10.7 	10.0 	9.4 	8.9 	8.1 b	7.3 b	5.2 	3.9 	4.6 	4.0 	3.7 
A,NATGROWRT,TR81	5.1 	4.8 	4.1 	3.3 	3.0 	2.3 b	2.0 b	0.8 	-1.1 	-0.8 	-1.0 	-1.0 
A,NATGROWRT,TR82	2.8 	1.9 	1.4 	1.4 	0.9 	0.8 b	0.6 b	-1.4 	-3.0 	-2.1 	-1.8 	-1.8 
A,NATGROWRT,TR83	6.9 	6.5 	5.9 	5.4 	5.1 	4.8 b	4.1 b	2.2 	0.4 	1.2 	1.2 	0.9 
A,NATGROWRT,TR90	6.4 	5.9 	5.5 	5.2 	4.6 	4.6 b	3.7 b	2.3 	0.1 	0.6 	1.2 	0.6 
A,NATGROWRT,TRA1	13.2 	13.5 	12.6 	12.3 	11.7 	10.6 b	9.9 b	7.9 	7.0 	6.8 	6.4 	5.4 
A,NATGROWRT,TRA2	20.8 	21.2 	20.2 	19.7 	19.2 	17.3 b	16.9 b	14.6 	13.5 	12.8 	10.9 	10.3 
A,NATGROWRT,TRB1	11.1 	11.7 	11.0 	10.4 	10.2 	9.8 b	8.8 b	6.5 	5.6 	5.9 	4.3 	4.9 
A,NATGROWRT,TRB2	23.8 	24.2 	23.0 	22.2 	22.2 	20.9 b	20.2 b	17.6 	16.5 	16.3 	14.2 	13.7 
A,NATGROWRT,TRC1	20.4 	21.2 	20.4 	19.2 	18.6 	17.8 b	15.9 b	13.8 	13.7 	13.7 	7.4 	11.6 
A,NATGROWRT,TRC2	26.4 	27.6 	26.8 	26.3 	26.4 	25.1 b	23.3 b	21.1 	21.3 	20.7 	18.3 	18.3 
A,NATGROWRT,TRC3	23.9 	25.0 	24.0 	22.2 	23.0 	22.0 b	20.7 b	18.8 	19.0 	18.2 	16.5 	15.9 
A,NATGROWRT,UKC1	1.4 	1.1 	0.5 	0.4 	0.0 	-0.5 	: 	: 	: 	: 	: 	: 
A,NATGROWRT,UKC2	0.6 	0.2 	-0.2 	0.2 	-0.3 	-0.8 	: 	: 	: 	: 	: 	: 
A,NATGROWRT,UKD1	-1.3 	-1.1 	-1.6 	-1.8 	-2.3 	-2.5 	: 	: 	: 	: 	: 	: 
A,NATGROWRT,UKD3	4.9 	4.6 	4.3 	4.5 	3.9 	3.6 	: 	: 	: 	: 	: 	: 
A,NATGROWRT,UKD4	1.5 	1.5 	1.0 	1.0 	0.4 	-0.1 	: 	: 	: 	: 	: 	: 
A,NATGROWRT,UKD6	1.0 	1.0 	0.7 	0.3 	0.3 	-0.4 	: 	: 	: 	: 	: 	: 
A,NATGROWRT,UKD7	1.1 	1.4 	1.0 	0.9 	1.0 	0.3 	: 	: 	: 	: 	: 	: 
A,NATGROWRT,UKE1	1.0 	1.0 	0.4 	0.2 	-0.4 	-0.6 	: 	: 	: 	: 	: 	: 
A,NATGROWRT,UKE2	-0.6 	-0.3 	-0.6 	-0.7 	-1.3 	-1.7 	: 	: 	: 	: 	: 	: 
A,NATGROWRT,UKE3	2.3 	2.4 	2.0 	2.0 	1.7 	1.0 	: 	: 	: 	: 	: 	: 
A,NATGROWRT,UKE4	4.7 	4.8 	4.2 	4.3 	3.8 	3.2 	: 	: 	: 	: 	: 	: 
A,NATGROWRT,UKF1	2.0 	2.0 	1.3 	1.5 	1.0 	0.4 	: 	: 	: 	: 	: 	: 
A,NATGROWRT,UKF2	3.7 	3.8 	3.5 	3.6 	3.1 	2.5 	: 	: 	: 	: 	: 	: 
A,NATGROWRT,UKF3	-0.2 	0.4 	-0.6 	-0.8 	-1.4 	-2.3 	: 	: 	: 	: 	: 	: 
A,NATGROWRT,UKG1	0.9 	0.6 	0.3 	0.3 	-0.1 	-0.6 	: 	: 	: 	: 	: 	: 
A,NATGROWRT,UKG2	1.0 	1.4 	0.4 	0.8 	0.2 	-0.3 	: 	: 	: 	: 	: 	: 
A,NATGROWRT,UKG3	5.8 	5.5 	5.0 	5.4 	4.8 	4.2 	: 	: 	: 	: 	: 	: 
A,NATGROWRT,UKH1	1.7 	1.9 	1.4 	1.2 	0.6 	0.0 	: 	: 	: 	: 	: 	: 
A,NATGROWRT,UKH2	5.4 	5.3 	5.0 	5.1 	4.5 	4.0 	: 	: 	: 	: 	: 	: 
A,NATGROWRT,UKH3	2.4 	2.5 	2.0 	2.1 	1.8 	1.5 	: 	: 	: 	: 	: 	: 
A,NATGROWRT,UKI3	8.7 	8.4 	7.8 	7.9 	7.1 	7.0 	: 	: 	: 	: 	: 	: 
A,NATGROWRT,UKI4	12.0 	11.5 	11.2 	10.9 	10.5 	9.6 	: 	: 	: 	: 	: 	: 
A,NATGROWRT,UKI5	9.0 	8.8 	8.8 	9.1 	8.6 	8.0 	: 	: 	: 	: 	: 	: 
A,NATGROWRT,UKI6	7.2 	7.3 	7.4 	7.4 	7.0 	5.8 	: 	: 	: 	: 	: 	: 
A,NATGROWRT,UKI7	9.5 	9.3 	8.9 	9.0 	8.7 	7.5 	: 	: 	: 	: 	: 	: 
A,NATGROWRT,UKJ1	5.4 	5.3 	5.1 	4.9 	4.3 	4.0 	: 	: 	: 	: 	: 	: 
A,NATGROWRT,UKJ2	1.3 	1.4 	0.7 	0.9 	0.3 	0.2 	: 	: 	: 	: 	: 	: 
A,NATGROWRT,UKJ3	2.0 	2.4 	1.9 	1.6 	1.1 	0.6 	: 	: 	: 	: 	: 	: 
A,NATGROWRT,UKJ4	2.5 	2.6 	2.1 	2.3 	2.1 	1.5 	: 	: 	: 	: 	: 	: 
A,NATGROWRT,UKK1	2.7 	3.1 	2.4 	2.3 	1.9 	1.6 	: 	: 	: 	: 	: 	: 
A,NATGROWRT,UKK2	-0.9 	-0.7 	-1.7 	-1.8 	-1.9 	-2.5 	: 	: 	: 	: 	: 	: 
A,NATGROWRT,UKK3	-0.9 	-0.8 	-1.4 	-1.8 	-2.1 	-2.8 	: 	: 	: 	: 	: 	: 
A,NATGROWRT,UKK4	-0.6 	-0.6 	-1.2 	-1.8 	-1.8 	-2.4 	: 	: 	: 	: 	: 	: 
A,NATGROWRT,UKL1	-0.5 	-0.2 	-0.9 	-0.9 	-1.3 	-1.9 	: 	: 	: 	: 	: 	: 
A,NATGROWRT,UKL2	2.2 	2.1 	1.5 	1.4 	1.3 	0.5 	: 	: 	: 	: 	: 	: 
A,NATGROWRT,UKM5	1.8 	1.9 	1.8 	1.7 	1.0 	0.8 	: 	: 	: 	: 	: 	: 
A,NATGROWRT,UKM6	-0.9 	-1.0 	-2.3 	-1.7 	-2.6 	-3.2 	: 	: 	: 	: 	: 	: 
A,NATGROWRT,UKM7	: 	: 	: 	: 	-0.4 	-0.7 	: 	: 	: 	: 	: 	: 
A,NATGROWRT,UKM8	: 	: 	: 	: 	-0.5 	-0.9 	: 	: 	: 	: 	: 	: 
A,NATGROWRT,UKM9	: 	: 	: 	: 	-2.8 	-3.3 	: 	: 	: 	: 	: 	: 
A,NATGROWRT,UKN0	5.1 	5.3 	4.7 	4.7 	3.8 	3.7 	: 	: 	: 	: 	: 	: 
